seller_id,total_orders,total_revenue,avg_review,late_rate,avg_delay_days,pct_low_reviews,seller_tier
001cca7ae9ae17fb1caed9dfb1094831,194,24347.13,4.08,0.06,-12.81,0.13,B — Good
002100f778ceb8431b7a1020ff7ab48f,49,1297.7,3.94,0.18,-8.0,0.14,C — Average
004c9cd9d87a3c30c522c48c4fc07416,155,19451.74,4.16,0.06,-11.7,0.12,B — Good
00720abe85ba0859807595bbf045a33b,13,1053.4,3.62,0.15,-7.77,0.23,C — Average
00ee68308b45bc5e2660cd833c3f81cc,133,20117.89,4.3,0.08,-10.76,0.11,B — Good
00fc707aaaad2d31347cf883cd2dfe10,102,12832.7,4.09,0.04,-15.47,0.15,A — Excellent
013900e863eace745d3ec7614cab5b1a,23,1619.7,4.7,0.0,-15.48,0.04,A — Excellent
014c0679dd340a0e338872e7ec85666a,14,7058.0,3.86,0.14,-11.07,0.14,C — Average
014d9a685fd57276679edd00e07089e5,10,758.86,4.0,0.0,-12.0,0.1,A — Excellent
0176f73cc1195f367f7b32db1e5b3aa8,36,4712.6,4.08,0.11,-9.14,0.17,C — Average
01bcc9d254a0143f0ce9791b960b2a47,10,1393.21,4.4,0.0,-18.3,0.0,A — Excellent
01cf7e3d21494c41fb86034f2e714fa1,59,9439.56,4.12,0.05,-15.15,0.12,A — Excellent
01fd077212124329bac32490e8ef80d9,31,1372.0,4.16,0.03,-11.26,0.16,A — Excellent
01fdefa7697d26ad920e9e0346d4bd1b,128,14842.53,4.38,0.05,-13.74,0.05,A — Excellent
0241d4d5d36f10f80c644447315af0bd,230,30694.88,4.4,0.05,-12.93,0.09,A — Excellent
0249d282d911d23cb8b869ab49c99f53,11,427.6,4.27,0.18,-8.36,0.18,C — Average
02c988090b766852e088c69d7fb3b551,12,1564.37,4.58,0.0,-11.08,0.08,A — Excellent
02d35243ea2e497335cd0f076b45675d,14,6540.9,2.64,0.29,-6.14,0.43,D — Needs intervention
02dcd3e8e25bee036e32512bcf175493,13,1341.9,4.08,0.31,-6.31,0.23,D — Needs intervention
02ecc2a19303f05e59ce133fd923fff7,21,5361.19,4.62,0.0,-14.95,0.05,A — Excellent
02f5837340d7eb4f653d676c7256523a,30,3883.05,4.83,0.03,-17.33,0.03,A — Excellent
02f623a8eb246f3c5f7c2f96462654e6,44,6378.0,4.56,0.07,-10.7,0.05,B — Good
0417b067eeab773d2f7061a726dc477f,13,1859.18,3.92,0.23,-3.92,0.23,D — Needs intervention
04308b1ee57b6625f47df1d56f00eedf,92,58991.8,3.95,0.08,-11.58,0.2,B — Good
0432ead42b6c8a0bdf68154add917fdf,80,7573.5,4.58,0.02,-13.19,0.06,A — Excellent
048c2757535328e0d7dac690ad3c0aae,50,9065.08,4.24,0.12,-10.0,0.14,C — Average
04aa0a1c5ce6b222003403a3e11c3cc0,11,5518.0,4.09,0.18,-11.64,0.18,C — Average
04aba03279157f6d4e0fe8ccaf21963c,15,2416.0,4.53,0.07,-13.93,0.07,B — Good
04e38a233f726ef161074ab1c9b0399a,19,991.6,4.11,0.05,-5.58,0.11,A — Excellent
0509040ea3fe50071181bbc359eb7738,87,3689.35,4.48,0.05,-10.66,0.01,A — Excellent
054694fa03fe82cec4b7551487331d74,20,8286.1,3.4,0.3,-0.9,0.3,D — Needs intervention
056b4ada5bbc2c50cc7842547dda6b51,64,12203.4,4.21,0.11,-12.45,0.12,C — Average
058cb5aeb36d7c0fcae20fc85d5e0a59,11,1236.0,3.82,0.09,-11.09,0.18,B — Good
058fd0aa2bfdb2274e05e1ae971dabb6,59,7420.4,4.44,0.07,-11.66,0.08,B — Good
05d2173d43ea568aa0540eba70d2ca76,62,5759.66,4.18,0.05,-11.65,0.11,A — Excellent
05f51e13da97139648b8125c31e5f51b,57,13100.31,4.23,0.16,-9.84,0.14,C — Average
05ff92fedb5be47920fea08e501238b9,57,21235.98,4.32,0.04,-17.74,0.05,A — Excellent
062ce95fa2ad4dfaedfc79260130565f,54,7718.0,4.09,0.04,-13.17,0.09,A — Excellent
06579cb253ecd5a3a12a9e6eb6bf8f47,60,4518.5,4.17,0.07,-9.98,0.13,B — Good
066a6914e1ebf3ea95a216c73a986b91,64,8870.49,4.14,0.03,-16.94,0.11,A — Excellent
0691148aee60ca47977c187804f935ae,47,6178.21,4.18,0.02,-13.81,0.15,A — Excellent
06a2c3af7b3aee5d69171b0e14f0ee87,388,36030.99,4.02,0.19,-11.32,0.16,C — Average
06bb3a2fe5e7b7a845b13e8fb91bd944,17,1536.19,4.59,0.0,-13.82,0.0,A — Excellent
06df0c10d34e459d9672bc77388742eb,26,9070.0,4.35,0.04,-13.46,0.08,A — Excellent
06e5eefc71ec47ae763c5c6f8db7064f,90,21908.56,3.98,0.0,-16.73,0.13,B — Good
070d165398b553f3b4b851c216b8a358,30,3312.08,3.37,0.13,-8.0,0.33,C — Average
0725b8c0f3f906e58f70cbe76b7c748c,16,2330.32,3.66,0.25,-10.75,0.25,D — Needs intervention
0747d5bb69f0586cc869d8af4c50f93e,12,322.8,3.75,0.08,-15.58,0.25,B — Good
07bf9669d84d1f11be443a9dd938f698,18,1776.0,3.72,0.0,-18.17,0.28,B — Good
080102cd0a76b09e0dcf55fcacc60e05,120,5521.87,4.54,0.04,-11.88,0.03,A — Excellent
080199a181c46c657dc5aa235411be3b,79,14504.2,4.62,0.01,-9.63,0.01,A — Excellent
08084d990eb3f53af056ccbc1730c8a7,11,343.4,4.4,0.0,-15.18,0.0,A — Excellent
082e0bf4cb865a6533b1e8e498cc0255,11,2073.3,3.27,0.18,-14.64,0.36,C — Average
08633c14ef2db992c11f840f04fad4cd,71,7310.0,4.39,0.06,-10.58,0.07,B — Good
0885aaf116795758dfeb5f1032487bcd,25,2660.98,4.4,0.0,-11.52,0.08,A — Excellent
0887a9f087bcd5d9f6642b52f897fc6c,12,1642.0,4.42,0.08,-12.42,0.0,B — Good
08d0949a9a17c027262db1f3c450c26c,11,309.8,3.91,0.0,-11.73,0.18,B — Good
08d2d642cf72b622b14dde1d2f5eb2f5,16,909.0,4.31,0.12,-11.5,0.0,C — Average
093805f8f2aeb63881444571e1f48f30,22,1215.79,4.18,0.05,-10.23,0.14,A — Excellent
094ced053e257ae8cae57205592d6712,19,1622.1,4.05,0.0,-15.68,0.16,A — Excellent
099095b050cfe8eb1ddff5317587e96e,16,5003.84,3.38,0.19,-9.75,0.38,C — Average
09f952a5f58d2285b0372551ae8f9b01,46,11161.77,3.98,0.07,-10.98,0.13,B — Good
0a85ebe4e328db81ac9109781205e2f7,12,767.89,4.58,0.08,-8.42,0.0,B — Good
0ac4201fda2c68ebc0e47cb9423cf3c9,13,1676.88,4.23,0.08,-12.31,0.15,B — Good
0adac9fbd9a2b63cccaac4f8756c1ca8,105,15848.39,4.11,0.06,-10.97,0.11,B — Good
0afccdb8a34ee5c79f7c06faf2b4d56e,24,1185.6,4.09,0.08,-10.38,0.12,B — Good
0b35c634521043bf4b47e21547b99ab5,49,14396.4,3.42,0.16,-12.16,0.35,C — Average
0b90b6df587eb83608a64ea8b390cf07,160,28160.93,4.05,0.04,-18.39,0.16,A — Excellent
0bae85eb84b9fb3bd773911e89288d54,134,7723.9,4.31,0.01,-15.04,0.06,A — Excellent
0bb738e4d789e63e2267697c42d35a2d,29,2308.4,4.66,0.03,-14.0,0.0,A — Excellent
0be8ff43f22e456b4e0371b2245e4d01,155,11521.69,4.05,0.06,-11.74,0.17,B — Good
0bf0150d5b9d60d9cd2906003332f085,39,5774.6,3.79,0.15,-6.85,0.21,C — Average
0c7533c71df861ec58ad7ff999ed0e8d,59,2923.4,4.19,0.05,-9.97,0.14,A — Excellent
0c8380b62e38e8a1e6adbeba7eb9688c,176,17556.39,4.07,0.05,-11.85,0.13,A — Excellent
0cbcee27c791afa0cdcb08587a2013a8,37,5054.15,4.0,0.11,-14.97,0.14,C — Average
0d33a55da925bbf1ff02af5f6059fc7f,21,571.29,4.43,0.05,-11.43,0.1,A — Excellent
0d85bbda9889ce1f7e63778d24f346eb,51,4845.2,4.2,0.12,-11.67,0.12,C — Average
0db783cfcd3b73998abc6e10e59a102f,130,8879.4,4.22,0.04,-13.12,0.12,A — Excellent
0dd184061fb0eaa7ca37932c68ab91c5,159,18660.91,4.03,0.11,-10.44,0.14,C — Average
0df3984f9dfb3d49ac6366acbd3bbb85,85,9981.39,4.42,0.01,-14.66,0.08,A — Excellent
0ea22c1cfbdc755f86b9b54b39c16043,225,10735.69,4.45,0.01,-16.73,0.05,A — Excellent
0eaa7e33d73809f1f925f7d07c506cbd,15,1552.0,4.71,0.0,-14.8,0.07,A — Excellent
0ebd97a106433a45a4aebe57c1799778,30,3111.7,4.6,0.0,-17.03,0.03,A — Excellent
0ed6ce5d87fd9c69eaacaeb778d67235,42,2026.52,4.39,0.14,-12.79,0.05,C — Average
0ef83d7d83ed97cd2a0049ac8be5f88a,47,4644.02,4.2,0.02,-14.15,0.17,A — Excellent
0ff83046c3fa22efee8ecf291888b191,10,768.9,4.8,0.0,-17.7,0.0,A — Excellent
0ffa40d54288e4f3499b8780dd0f144f,33,2162.8,4.48,0.12,-12.0,0.09,C — Average
10076e5788b8ee532724bcd460baf762,22,797.48,4.59,0.05,-12.0,0.05,A — Excellent
1025f0e2d44d7041d6cf58b6550e0bfa,898,138739.25,4.02,0.08,-10.78,0.16,B — Good
1127b7f2594683f2510f1c2c834a486b,109,6846.7,4.22,0.02,-11.31,0.14,A — Excellent
11305281b50fff20ae8bb473f8e11876,35,6978.59,4.31,0.11,-12.83,0.09,C — Average
113e3a788b935f48aad63e1c41dac1bd,39,847.35,4.32,0.05,-15.0,0.05,A — Excellent
116ccb1a1604bc88e4d234a8c23f33de,60,1960.79,4.63,0.03,-10.1,0.03,A — Excellent
11bfa66332777660bd0640ee84d47006,76,3925.87,3.89,0.14,-9.05,0.22,C — Average
128639473a139ac0f3e5f5ade55873a5,524,11893.73,4.22,0.04,-12.2,0.1,A — Excellent
128f9bfbe4c7d5185033914b1de3d39a,13,1267.39,4.77,0.08,-12.85,0.0,B — Good
12b9676b00f60f3b700e83af21824c0e,133,26376.0,4.54,0.01,-21.24,0.04,A — Excellent
13074f016982ff2bd6c58ced8682f000,13,1977.0,4.15,0.23,-7.92,0.08,D — Needs intervention
1336efc61c316ddf92c899eb817f7cae,68,4586.73,4.21,0.09,-11.22,0.09,B — Good
1354d51653f645349064725ed204e85e,18,2410.0,3.89,0.0,-18.83,0.22,B — Good
138dbe45fc62f1e244378131a6801526,45,1114.96,4.24,0.02,-8.76,0.11,A — Excellent
13d058e4eeac2ce8217660b2f8a05812,22,3739.78,4.18,0.09,-10.27,0.14,B — Good
141440cad9341e553f8401c574a2aa38,11,1288.2,4.45,0.0,-21.82,0.09,A — Excellent
1430239a858e7682bbc43b20758af153,17,633.99,4.18,0.0,-10.41,0.12,A — Excellent
1464afc72f696af775557a821c2e253f,29,1059.36,4.24,0.03,-12.52,0.1,A — Excellent
14a08204d03bb6b6bde8029f801ae0eb,28,2315.3,3.89,0.0,-14.43,0.18,B — Good
14d7985702e72162bbf13b6beb74ab2b,36,3832.0,4.36,0.11,-8.56,0.08,C — Average
1554a68530182680ad5c8b042c3ab563,244,29284.74,4.36,0.06,-13.84,0.09,B — Good
157c3e4b42f81ac4a44e8b1ca2fe9876,19,2015.4,3.79,0.11,-11.89,0.21,C — Average
15aac934c58d886785ac1b17953ea898,25,4353.9,4.24,0.12,-9.24,0.08,C — Average
15cd6eefe58588619aaed41dfa6621b1,15,1551.84,4.47,0.07,-10.0,0.13,B — Good
16090f2ca825584b5a147ab24aa30c86,397,25551.16,4.09,0.08,-9.69,0.13,B — Good
165b1235e9e9942cb5fae67103576fb0,11,2085.15,4.36,0.09,-7.91,0.0,B — Good
165fc07beebdcb6190fba8a06db2a449,47,16882.31,3.89,0.09,-11.4,0.19,B — Good
1660ad786c27fd935378b6192a90b417,11,1440.0,4.91,0.09,-11.45,0.0,B — Good
1690cada046eb7e92c12f98b1f8a8167,10,1760.0,4.9,0.1,-14.2,0.0,B — Good
17306570e772e7718c92a562d33f5f1d,27,8699.9,3.78,0.07,-9.59,0.19,B — Good
1771297ac436903d1dd6b0e9279aa505,28,2881.27,4.63,0.04,-15.25,0.0,A — Excellent
17908cf9b444ee34047cadd5c0f4a516,11,1993.99,4.55,0.09,-11.82,0.0,B — Good
179d859f51292aac5c10806a356f7af9,18,404.47,4.39,0.06,-8.89,0.06,B — Good
17a053fcb14bd219540cbde0df490be0,124,40601.53,4.25,0.06,-10.1,0.1,B — Good
17ca9b9e9b9ef8fdb529001b49ebb50f,115,9768.74,4.07,0.01,-14.12,0.14,A — Excellent
17e34d8224d27a541263c4c64b11a56b,246,54272.36,4.26,0.08,-10.54,0.11,B — Good
17f51e7198701186712e53a39c564617,55,46969.0,4.35,0.09,-11.76,0.09,B — Good
1835b56ce799e6a4dc4eddc053f04066,394,33358.77,3.71,0.11,-10.07,0.22,C — Average
1838dd9b8977065acf51d95e0053ea7a,62,2750.5,4.37,0.03,-11.0,0.11,A — Excellent
18a349e75d307f4b4cc646a691ed4216,108,7523.91,3.63,0.06,-14.6,0.26,B — Good
18e694e0e48ed6f7aa3f24aade5fd697,31,701.54,4.68,0.03,-12.77,0.0,A — Excellent
1900267e848ceeba8fa32d80c1a5f5a8,377,24558.05,3.94,0.09,-9.56,0.16,B — Good
1987cd4be10fe09ee50454f9c354d1c6,14,2877.7,4.36,0.07,-13.71,0.07,B — Good
198c7ea11960a9844b544d9bcdca860c,25,1733.75,3.88,0.08,-10.8,0.24,B — Good
1a3df491d1c4f1589fc2b934ada68bf2,160,22472.4,4.27,0.04,-13.11,0.09,A — Excellent
1a932caad4f9d804097d7f8e615baed1,20,4661.0,3.9,0.15,-8.6,0.2,C — Average
1b1ae47a313a825a7ccceb8e2e30fa9d,10,2184.0,4.22,0.0,-14.2,0.2,A — Excellent
1b4c3a6f53068f0b6944d2d005c9fc89,110,14436.99,4.27,0.05,-12.73,0.1,A — Excellent
1b7e5006cb25dd23ce8686691013b121,11,2636.74,4.36,0.18,-6.36,0.09,C — Average
1b8356dabde1d35e17cef975c3f82730,55,3366.4,4.22,0.02,-13.87,0.09,A — Excellent
1b8b75e227c9a9c100d0c210fb6176ce,15,1444.87,3.93,0.07,-19.6,0.2,B — Good
1b938a7ec6ac5061a66a3766e0e75f90,29,3916.7,4.41,0.0,-14.76,0.07,A — Excellent
1bb2bdb95f4841f1bba2c0d2cd83d3c9,79,4905.76,4.63,0.06,-13.3,0.04,B — Good
1c129092bf23f28a5930387c980c0dfc,190,9437.56,4.29,0.05,-9.74,0.11,A — Excellent
1c40343cc5d18c2d8248ac2f3366de34,20,2654.41,4.6,0.1,-11.45,0.0,B — Good
1c5e4e49b9079480255b49d50aac1aa9,12,10173.11,4.33,0.0,-12.25,0.08,A — Excellent
1c68394e931a64f90ea236c5ea590300,137,24951.08,3.96,0.04,-14.99,0.15,B — Good
1ca7077d890b907f89be8c954a02686a,108,12544.34,2.39,0.17,-6.67,0.59,D — Needs intervention
1caf283236cd69af44cbc09a0a1e7d32,33,917.6,4.61,0.09,-11.85,0.06,B — Good
1cbd32d00d01bb8087a5eb088612fd9c,11,1045.47,4.18,0.09,-11.09,0.09,B — Good
1ce3ae5a399804d1a87e706f8a813c3e,38,2646.99,3.84,0.08,-15.16,0.18,B — Good
1d29dfba02015238dfbe2449a5eaa361,12,612.8,4.5,0.08,-9.5,0.08,B — Good
1d4587203296c8f4ad134dc286fa6db0,39,2223.0,4.36,0.03,-11.23,0.1,A — Excellent
1d503743d2526f03f0c2c89540ee008c,12,516.04,3.92,0.08,-9.42,0.17,B — Good
1d8dbc4f32378d715c717c1c1fc57bae,90,11544.42,4.09,0.09,-11.41,0.13,B — Good
1da366cade6d8276e7d8beea7af5d4bf,42,6387.59,3.98,0.07,-8.43,0.17,B — Good
1da3aeb70d7989d1e6d9b0e887f97c23,256,8663.4,4.17,0.05,-11.38,0.12,A — Excellent
1dc2de47ee26a0a5b12dc14fd6dc0dea,25,1695.29,4.56,0.04,-8.84,0.04,A — Excellent
1dcfa3835714681d4ba4a93bc1e0fd41,12,1186.6,4.27,0.0,-15.67,0.08,A — Excellent
1dfe5347016252a7884b694d4f10f5c4,19,1607.4,3.53,0.26,-6.79,0.26,D — Needs intervention
1e8b33f18b4f7598d87f5cbee2282cc2,119,16867.57,4.45,0.03,-10.92,0.09,A — Excellent
1eade46fba20122dc4aefb379f8c636b,58,3635.37,4.43,0.12,-7.64,0.09,C — Average
1f1bb1f0859883505541bdd6606193e5,27,16040.84,4.33,0.11,-10.93,0.07,C — Average
1f50f920176fa81dab994f9023523100,1384,107302.29,4.16,0.09,-10.29,0.14,B — Good
1f9ab4708f3056ede07124aad39a2554,75,13143.03,4.14,0.05,-13.32,0.07,A — Excellent
1fdc574883ef3b33ad41562d93f3a74a,18,4251.0,4.44,0.06,-11.5,0.0,B — Good
1fe5540d7c1c37a595fefbacd5570d9e,20,4537.6,4.3,0.05,-13.4,0.05,A — Excellent
2059c39f76271d4ca3f15b5ffaccc8b8,12,604.9,4.5,0.0,-13.33,0.0,A — Excellent
2089a6d640999f9b9141ac719b2af596,40,7584.02,4.0,0.12,-11.2,0.22,C — Average
20cb7c2fde3e5bf10f0bbe7394e1c6a9,31,845.0,4.1,0.1,-12.16,0.13,B — Good
20d83f3ef0e6925fd74bfd59170babf7,37,2760.1,4.41,0.05,-11.38,0.08,A — Excellent
2138ccb85b11a4ec1e37afbd1c8eda1f,380,11907.75,3.98,0.05,-12.54,0.16,B — Good
213b25e6f54661939f11710a6fddb871,138,14469.5,4.02,0.07,-10.91,0.14,B — Good
2156f2671501a81034d7d07f217609d0,21,2909.5,4.0,0.14,-6.48,0.14,C — Average
218d46b86c1881d022bce9c68a7d4b15,376,53818.41,4.19,0.09,-11.41,0.12,B — Good
218f991754f360af9c2daa5e0b8e990c,14,3554.32,3.64,0.14,-6.71,0.21,C — Average
2199e7fe213c16213bf5d6a7eadc9a5d,24,3767.29,4.38,0.04,-13.67,0.08,A — Excellent
21e83881401b92b49fb09a16d3852291,12,3109.06,4.83,0.0,-13.58,0.0,A — Excellent
226b05fe067266c59c15dae208213d06,10,1056.9,4.5,0.0,-13.5,0.1,A — Excellent
229c3efbfb0ea2058de4ccdfbc3d784a,118,15479.0,3.62,0.02,-12.63,0.25,B — Good
232a6014e7b10cba61c6c2b2ea6bb4b0,32,3819.97,4.16,0.03,-13.88,0.12,A — Excellent
23613d49c3ac2bd302259e55c06c050c,66,4466.24,3.88,0.09,-10.73,0.23,B — Good
236585a4ddb5fea9fa40233e2249ed91,11,649.53,4.09,0.09,-13.18,0.09,B — Good
238fac594e170b59c6d228f5a4f4f1d9,28,3007.0,4.11,0.11,-10.54,0.11,C — Average
23a0ffca143a15b9b5bbdb7d552f626a,22,3548.52,3.95,0.14,-10.82,0.23,C — Average
23c38debaffe4a25a30fdbd9b586a13f,40,5307.28,4.35,0.12,-10.05,0.02,C — Average
23d7c96d4a1160db1c726b248601b25a,50,10658.24,3.93,0.1,-10.98,0.16,B — Good
240b9776d844d37535668549a396af32,35,13332.09,4.34,0.03,-11.26,0.09,A — Excellent
244c2f1bff6afe1f2eaf9bfe9b2aed38,23,2580.0,3.78,0.09,-10.26,0.17,B — Good
2528513dd95219a6013d4d05176e391a,153,32132.79,4.03,0.04,-12.19,0.15,A — Excellent
257e61d3251fb5efb9daadddbc2cf7ca,12,7729.0,4.75,0.0,-17.67,0.0,A — Excellent
259f7b5e6e482c230e5bfaa670b6bb8f,134,8370.24,4.38,0.01,-13.39,0.09,A — Excellent
25c5c91f63607446a97b143d2d535d31,148,50788.62,3.94,0.07,-11.57,0.16,B — Good
25cf099de44674fde97473224f9d59ab,50,1654.36,4.33,0.04,-12.92,0.1,A — Excellent
25e47381a6c510ddeb36084e33b89f0c,16,1289.6,4.25,0.0,-12.94,0.06,A — Excellent
25e6ffe976bd75618accfe16cefcbd0d,106,11921.6,4.44,0.03,-13.58,0.08,A — Excellent
2646baaf662d4d92ac48f047e35db92d,15,1263.05,4.47,0.07,-10.8,0.13,B — Good
26785a546900236d66f2e4197c211158,15,1019.2,4.67,0.0,-18.73,0.07,A — Excellent
26d6bbee02420494d471c9f6436929c0,12,434.51,4.67,0.0,-10.83,0.0,A — Excellent
26d8a1c7c75d513045798992ead43aa2,34,5937.13,4.41,0.09,-12.15,0.09,B — Good
26e2c91ef821e1ff8985f408788fe35b,12,1649.4,3.0,0.42,1.5,0.33,D — Needs intervention
270297ead4c65a6cd2593960d2af6b21,17,9412.6,3.82,0.0,-13.94,0.29,B — Good
2709af9587499e95e803a6498a5a56e9,24,1171.16,3.91,0.12,-9.71,0.21,C — Average
271c58a1d139c45eaf3316107c6d3a3b,27,3597.63,4.19,0.07,-11.22,0.15,B — Good
272f092de69afedd4d2969440b37f18f,24,1776.43,3.93,0.0,-16.88,0.21,B — Good
2745f798279e0ed033addcc1474776d7,31,3578.63,3.93,0.1,-10.32,0.13,B — Good
276677b5d08786d5dce7c2149dcce48b,31,3424.2,4.03,0.06,-8.84,0.19,B — Good
282f23a9769b2690c5dda22e316f9941,98,6539.18,4.37,0.04,-11.13,0.04,A — Excellent
289cdb325fb7e7f891c38608bf9e0962,104,13080.55,4.61,0.02,-10.1,0.05,A — Excellent
28f10b1c5e5abb9d4857745bede6147c,28,835.0,4.0,0.14,-6.61,0.18,C — Average
2953ce3a88f5e3c3b696d77fc9e4c8eb,14,470.0,4.64,0.07,-5.21,0.07,B — Good
2a1348e9addc1af5aaa619b1a3679d6b,48,3041.25,3.17,0.27,0.98,0.35,D — Needs intervention
2a261b5b644fa05f4f2700eb93544f2c,47,5025.0,3.94,0.17,-9.11,0.19,C — Average
2a5b78b41cd05baeac8df54c6606b92c,46,15623.28,4.54,0.02,-19.37,0.04,A — Excellent
2a61c271b1ac763450d846849783e922,17,1486.77,4.12,0.18,-7.65,0.18,C — Average
2a6fbeaa7ab9e5d59a35841a8da71ce4,29,1577.69,4.04,0.07,-12.59,0.14,B — Good
2a7dc43cecabf23403078e2188437d1d,52,4859.91,4.1,0.06,-10.02,0.12,B — Good
2a84855fd20af891be03bc5924d2b453,153,14744.1,4.38,0.03,-12.3,0.08,A — Excellent
2aa3443d7bf9d9bb11133f420d75e083,10,647.0,3.0,0.2,-8.9,0.4,C — Average
2addf05f476d0637864454e93ba673d5,12,4552.0,5.0,0.0,-15.08,0.0,A — Excellent
2b1a40c1daabc6ca280c4b815c101841,22,12342.6,3.82,0.05,-14.23,0.18,B — Good
2b3e4a2a3ea8e01938cabda2a3e5cc79,51,22448.2,4.43,0.0,-11.76,0.06,A — Excellent
2be17df1c49978426251562096c3cc09,15,2106.0,4.2,0.07,-16.0,0.07,B — Good
2bf6a2c1e71bbd29a4ad64e6d3c3629f,30,50628.9,4.17,0.07,-14.47,0.13,B — Good
2c4c47cb51acd5ea5db5e0ae0e26542a,12,2595.89,4.67,0.0,-13.92,0.0,A — Excellent
2c9e548be18521d1c43cde1c582c6de8,124,6068.55,4.13,0.15,-6.6,0.13,C — Average
2d2c62bef4c8ba0dd74e0e228e808539,16,3749.0,4.12,0.12,-9.31,0.19,C — Average
2d42ebcda99fd55f6f4bc2f1ca035d50,10,921.5,4.3,0.0,-13.9,0.1,A — Excellent
2d50d6282f8aa2257819a77bfaa0efe0,42,3392.17,3.81,0.1,-10.43,0.19,B — Good
2d518637f53161b973e01f56ea4bb88e,13,1219.89,4.92,0.0,-21.62,0.0,A — Excellent
2dee2ce60de9709b1a24083217181a1f,54,7784.5,4.43,0.02,-17.54,0.06,A — Excellent
2e13c71026e1a39ba5cc1b86dcb679aa,24,4157.0,4.38,0.04,-13.08,0.12,A — Excellent
2e1a7d075abe038c1b2743005fe42ff1,17,1287.0,4.41,0.18,-7.24,0.12,C — Average
2e1c9f22be269ef4643f826c9e650a52,160,12203.25,4.26,0.06,-10.28,0.11,B — Good
2e3be8a987a30d7544dbbda6861cc14e,14,2472.86,3.79,0.07,-11.21,0.14,B — Good
2e90cb1677d35cfe24eef47d441b7c87,126,13879.91,4.11,0.13,-10.42,0.14,C — Average
2eb70248d66e0e3ef83659f71b244378,185,38850.92,2.78,0.11,-9.96,0.47,D — Needs intervention
2f4b0d3b9634b647d4edee577d7ebb7e,10,337.9,4.9,0.0,-8.5,0.0,A — Excellent
2f74af7a0ee5636f12c2336f9fffed47,13,560.7,4.31,0.0,-8.77,0.08,A — Excellent
2ff97219cb8622eaf3cd89b7d9c09824,86,4335.8,4.53,0.03,-9.55,0.03,A — Excellent
3078096983cf766a32a06257648502d1,56,7910.84,4.3,0.04,-12.55,0.11,A — Excellent
30829ded4523ab9224b93bc49a62c95f,18,6911.71,3.78,0.06,-17.61,0.22,B — Good
3092c0b297aacfb4bb6e056ebe13b9b8,14,954.5,4.43,0.0,-26.07,0.0,A — Excellent
30a2f535bb48308f991d0b9ad4a8c4bb,68,4671.4,4.41,0.03,-12.81,0.09,A — Excellent
30a81d8cf85fb2ada1b1b094c9583a95,17,1245.42,4.82,0.0,-8.18,0.0,A — Excellent
31344c16881c08a8a72c6d2eb29918c1,42,9568.7,4.43,0.05,-10.33,0.1,A — Excellent
31561f325664a8a7aba4c8d0c3a9b3db,36,2776.18,4.64,0.0,-9.5,0.03,A — Excellent
318f287a62ab7ac10b703ac37435a231,51,2432.48,3.92,0.1,-9.86,0.2,B — Good
31ae0774c17fabd06ff707cc5bde005f,11,6719.85,4.0,0.09,-12.36,0.18,B — Good
31da954dc0855f2495c6310f70a2f931,28,4284.0,4.32,0.07,-10.46,0.07,B — Good
323ce52b5b81df2cd804b017b7f09aa7,29,2374.3,4.43,0.14,-5.66,0.07,C — Average
325f3178fb58e2a9778334621eecdbf9,35,1207.42,4.49,0.0,-11.54,0.09,A — Excellent
32b8764b4ef628b53608fc34011fcc13,35,8625.0,4.23,0.03,-14.63,0.06,A — Excellent
3340ef1913fb70d28420f6ceb685c339,30,6591.66,4.4,0.03,-8.97,0.07,A — Excellent
334cab711dee080b079fa5779b584783,11,1319.1,4.91,0.0,-13.45,0.0,A — Excellent
33576ec5412fb5905d876f12f33bfde6,31,2718.0,4.1,0.03,-17.13,0.1,A — Excellent
3361277dc30b7cccdb0c286b24219756,29,3905.05,4.34,0.07,-15.93,0.07,B — Good
33a17d60c64393351ebf1ef860f4e0f2,42,8001.51,4.64,0.02,-15.52,0.02,A — Excellent
33a6f4b1e7cdc205511e76ba1b6e0186,102,10312.02,4.46,0.02,-13.01,0.07,A — Excellent
33ac3e28642ab8bda860a2f693000e78,34,3771.35,4.21,0.0,-13.03,0.12,A — Excellent
33c51922b6e3c16b24a8f28e5833c99d,18,6657.87,4.24,0.06,-13.67,0.11,B — Good
33cbbec1e7e1044aaf11d152172c776f,15,730.67,4.73,0.0,-16.2,0.0,A — Excellent
34056b8b55c1775a22af2331670a799c,77,6398.7,4.04,0.12,-10.92,0.14,C — Average
343e716476e3748b069f980efbaa294e,17,922.6,4.31,0.06,-12.38,0.12,B — Good
3481aa57cd91f9f9d3fa1fa12d9a3bf7,25,1805.33,3.88,0.0,-16.88,0.2,B — Good
34d1ca11b242c0fee2c834ae8d788566,40,13422.24,4.33,0.0,-13.88,0.05,A — Excellent
3504c0cb71d7fa48d967e0e4c94d59d9,52,2303.14,4.48,0.0,-10.67,0.02,A — Excellent
3586b8580d9c917874e053a1bb37b5ff,36,1524.7,4.42,0.03,-17.89,0.06,A — Excellent
36890be00bbfc1cdb9a4a38a6af05a69,13,1361.3,4.23,0.15,-11.62,0.15,C — Average
36a968b544695394e4e9d7572688598f,146,6838.71,3.74,0.03,-12.26,0.21,B — Good
373ee4a3a775a733770ca3f790b8b9ac,13,2141.49,3.92,0.08,-11.46,0.23,B — Good
37515688008a7a40ac93e3b2e4ab203f,222,5925.8,4.13,0.08,-7.82,0.1,B — Good
376a891762bbdecbc02b4b6adec3fdda,57,6406.23,4.67,0.04,-15.18,0.02,A — Excellent
3771c85bac139d2344864ede5d9341e3,26,1433.3,3.85,0.12,-7.69,0.23,C — Average
3785b653b1b82de85ab47dd139938091,21,1676.99,4.71,0.0,-18.29,0.0,A — Excellent
37be5a7c751166fbc5f8ccba4119e043,269,54735.55,4.32,0.03,-13.48,0.09,A — Excellent
381c83fdca332ea6afd896da20bf6e4a,46,7355.8,4.39,0.02,-15.85,0.09,A — Excellent
382229d1e840115ffe3dbf5ff460e417,44,3997.16,4.25,0.07,-10.64,0.11,B — Good
38e679b9e0064cd94c6f035707344dae,27,3644.15,4.12,0.04,-16.89,0.15,A — Excellent
391fc6631aebcf3004804e51b40bcf1e,505,39432.08,4.07,0.09,-11.22,0.14,B — Good
392e0502231ae2f8b29994ef6398cd77,17,1572.9,4.35,0.12,-7.94,0.06,C — Average
3935fe5fe0f82787a9dcb8deb62be09d,16,1681.69,4.0,0.12,-10.75,0.06,C — Average
3969863bb8af7f72580b3b1ffd3a17b3,12,780.05,4.08,0.0,-12.0,0.08,A — Excellent
39c763cca83e654764b7a4a650fb9b7c,11,761.0,3.82,0.18,-6.82,0.27,C — Average
39d54ff918774174706fb065d7f9dc07,21,1428.69,4.19,0.1,-12.19,0.19,B — Good
3a1a1fec38dd360f15fc912e821e169d,14,1934.56,3.79,0.29,-4.43,0.21,D — Needs intervention
3a734b715d333a2588a3d54a0c9b8746,14,2052.52,4.64,0.07,-11.86,0.0,B — Good
3ab971ce71839580d2ae5b4e40fe8044,35,4917.0,3.91,0.06,-12.09,0.2,B — Good
3ade81dab5a172b88e1871c28ae05260,28,5406.5,4.19,0.11,-10.21,0.14,C — Average
3b15288545f8928d3e65a8f949a28291,98,13789.75,4.12,0.07,-11.39,0.11,B — Good
3b872fd4747f01cc56206f2934198618,25,2726.74,3.88,0.16,-9.48,0.16,C — Average
3bb548e3cb7f70f28e3f11ee9dce0e59,45,8056.32,4.27,0.0,-17.44,0.11,A — Excellent
3bdff180c7e1f6551a643b99c265a120,56,3008.2,4.25,0.02,-12.79,0.09,A — Excellent
3be634553519fb6536a03e1358e9fdc7,78,5138.43,4.06,0.08,-10.55,0.14,B — Good
3c010235b7345c92f125d14ee232a76b,15,3578.0,4.67,0.0,-9.13,0.0,A — Excellent
3c03b12bab54d8b37d79d914bfdb1aa0,36,4068.66,3.8,0.17,-8.86,0.19,C — Average
3c487ae8f8d7542beff5788e2e0aea83,30,9385.7,4.2,0.03,-11.07,0.1,A — Excellent
3c4e0452bff7a2a788179488d3d77032,32,3746.4,3.84,0.03,-15.41,0.19,B — Good
3c7c4a49ec3c6550809089c6a2ca9370,136,3909.95,3.69,0.06,-9.36,0.27,B — Good
3ca08eeb8d5595949fed424bd3677742,13,1688.88,4.69,0.0,-14.38,0.0,A — Excellent
3d2531eccfbde1d7c8db7a3a12fb267a,10,1999.54,4.22,0.0,-14.0,0.1,A — Excellent
3d5d0dc7073a299e31fa718ce1bc00b6,21,674.8,4.43,0.05,-13.76,0.14,A — Excellent
3d871de0142ce09b7081e2b9d1733cb1,1052,93580.9,4.2,0.06,-13.03,0.1,B — Good
3d8fa2f5b647373c8620330c4e077a9f,42,3570.64,4.23,0.02,-11.5,0.12,A — Excellent
3db66a856d18a9cba7c9241fc5221c50,94,9498.3,4.19,0.11,-11.84,0.11,C — Average
3dbbce181edfaa4a597ec858c382d2ec,17,848.3,4.24,0.06,-9.82,0.12,B — Good
3df020b72d3d44b3af9d110fa3940b65,54,5038.1,4.04,0.09,-11.04,0.15,B — Good
3f3486b61f45078d4f31ee5e43d8c5bb,39,3769.73,4.33,0.1,-10.33,0.08,B — Good
3f8034bfc6b8b4135534975d49f04c63,11,1273.9,4.0,0.0,-17.73,0.18,A — Excellent
3f995f07c49d0d55a99d5c54957f7d81,43,3955.7,4.21,0.02,-12.12,0.09,A — Excellent
3fac58ce0ad699020c7944d53c41329c,10,1460.61,4.4,0.0,-7.3,0.1,A — Excellent
3fd1e727ba94cfe122d165e176ce7967,34,2642.5,4.0,0.21,-8.71,0.15,D — Needs intervention
403aa86912527d730337ffcb0fb096ab,11,8959.89,4.0,0.0,-12.0,0.09,A — Excellent
406822777a0b9eb5c50e442dd4cd3ec5,44,3548.09,4.33,0.11,-10.89,0.09,C — Average
40d54b51e962dbe09cabbcfd33298dee,29,6761.16,4.1,0.0,-12.03,0.17,A — Excellent
40db9e9aa57f7bb151bcda6b0f9bdbb7,12,23168.0,2.36,0.08,-15.5,0.58,D — Needs intervention
411f3b52d857390502ee4e4d5ceabc2d,20,1734.11,4.06,0.1,-6.35,0.15,B — Good
412a4720f3e9431b4afa1476a1acddbe,21,2058.1,4.24,0.05,-8.95,0.1,A — Excellent
41ab63a91b8b264e8c8780368bf1dd5b,11,2452.95,4.55,0.0,-23.27,0.09,A — Excellent
41b39e28db005d9731d9d485a83b4c38,181,16181.56,4.19,0.05,-18.01,0.12,A — Excellent
41b86b552e54e3a7009596125aa8b167,10,1595.3,4.3,0.0,-18.8,0.1,A — Excellent
41c2bad7229b0c25e6becf179ebf63ff,20,782.0,4.95,0.0,-15.95,0.0,A — Excellent
41da412d33e8da4f22baf55cb1bde82c,15,862.9,4.67,0.0,-18.87,0.0,A — Excellent
4200ddf1967c5e41e48db62bc6d4b5ac,21,728.98,4.44,0.05,-11.0,0.05,A — Excellent
42b729f859728f5079499127a9c2ef37,101,4039.06,4.51,0.08,-7.88,0.06,B — Good
42bde9fef835393bb8a8849cb6b7f245,34,7574.0,4.35,0.03,-14.65,0.06,A — Excellent
42ef3192a9ff87a22d1867b74b3ee205,23,1354.09,4.65,0.0,-11.04,0.04,A — Excellent
42fa4ee7240e9b8eb4576358ec142ba7,22,3935.6,4.81,0.0,-15.68,0.0,A — Excellent
430315b7bb4b6e4b3c978f9dfa9b0558,19,2864.4,3.95,0.05,-14.42,0.21,B — Good
4305fe92735c8a43d154ff6dd2b8d927,17,2606.1,4.18,0.0,-10.59,0.12,A — Excellent
431050a06a317f2b38168dec3dcd2b46,10,1370.0,4.5,0.0,-14.1,0.0,A — Excellent
431af27f296bc6519d890aa5a05fdb11,115,12825.39,3.82,0.14,-7.18,0.23,C — Average
4324dd16853115efb0fd9d0d131ba6f4,12,1226.25,4.08,0.08,-12.92,0.17,B — Good
432c37c9dfba871172ec162e20118b8c,44,2679.87,4.25,0.09,-11.61,0.11,B — Good
4371b634e0efc0e22b09b52907d9d469,101,8652.66,4.48,0.07,-10.45,0.07,B — Good
43f8c9950d11ecd03a0304a49e010da6,41,4249.59,4.56,0.05,-12.29,0.02,A — Excellent
44073f8b7e41514de3b7815dd0237f4f,142,18421.54,3.74,0.04,-15.99,0.2,B — Good
440dd6ab244315c632130ecfb63827b1,91,13124.0,3.89,0.13,-11.29,0.15,C — Average
45213867cefbf2cd4c6177e10216a951,14,4955.42,3.86,0.07,-13.29,0.21,B — Good
4559697a8f7e637227c2eeaed843baff,39,3486.3,4.21,0.08,-12.46,0.13,B — Good
45ba18c210d42734ec52c0c1c574e9ee,34,5138.45,4.21,0.06,-11.59,0.12,B — Good
45d33f715e24d15a6ccf5c17b3a23e3c,53,4787.54,4.28,0.06,-11.49,0.08,B — Good
4677a5437afda5fa7140b927b07be1cc,11,3415.7,4.36,0.09,-14.09,0.0,B — Good
46dc3b2cc0980fb8ec44634e21d2718e,501,122456.1,4.29,0.06,-12.12,0.11,B — Good
4736e9d642ef4257cd7622516931eb51,16,1078.87,4.12,0.0,-14.5,0.12,A — Excellent
47efca563408aae19bb7206c2d969ea9,11,2562.9,4.36,0.0,-15.0,0.09,A — Excellent
48162d548f5b1b11b9d29d1e01f75a61,65,19870.19,4.03,0.02,-13.28,0.15,A — Excellent
4830e40640734fc1c52cd21127c341d4,202,9828.11,4.24,0.05,-11.08,0.1,A — Excellent
48436dade18ac8b2bce089ec2a041202,134,11971.1,4.1,0.07,-9.69,0.13,B — Good
4869f7a5dfa277a7dca6462dcf3b52b2,1117,227948.34,4.16,0.11,-11.06,0.13,C — Average
48efc9d94a9834137efd9ea76b065a38,33,345.6,5.0,0.0,-24.45,0.0,A — Excellent
49067458c68f7701fd334ce326accbe0,15,961.3,3.67,0.0,-13.73,0.27,B — Good
4917cee8d902e13428c3ec4b1ca6f315,31,5103.9,4.16,0.03,-9.94,0.13,A — Excellent
4978a02ea9c8be7a9b5480680f40334e,17,2339.62,3.53,0.0,-9.0,0.29,B — Good
4992e76a42cb3aad7a7047e0d3d7e729,54,2251.39,3.93,0.06,-10.61,0.17,B — Good
49e7217cfe4e427191c378ec626d8737,12,2868.8,4.08,0.0,-11.5,0.08,A — Excellent
4a1f694197d05fe70026b016a7316b41,14,952.67,4.57,0.07,-13.93,0.07,B — Good
4a3ca9315b744ce9f8e9374361493884,1726,198108.39,3.89,0.1,-9.42,0.17,B — Good
4a3ccda38b2129705f3fb522db62ca31,62,15846.39,3.97,0.06,-11.21,0.19,B — Good
4aba391bc3b88717ce08eb11e44937b2,27,7456.78,4.0,0.15,-13.11,0.19,C — Average
4b0fdb526525f9890eb145bf1534640e,18,2518.9,4.06,0.0,-9.94,0.17,A — Excellent
4b5f66b7adcf57f1ecc0d3c07dd6b177,23,6615.58,4.09,0.04,-14.78,0.13,A — Excellent
4b9750c8ad28220fe6702d4ecb7c898f,217,16017.38,4.36,0.06,-9.36,0.07,B — Good
4ba52dfeba874da5b9ee7b17c7494f04,11,1463.0,4.36,0.09,-11.73,0.09,B — Good
4be6b962d83299498bae2190f95d6566,10,369.9,4.0,0.1,-12.5,0.1,B — Good
4bf2f4ee540798a61f9636d12cd9cc80,29,4995.56,4.14,0.0,-12.55,0.1,A — Excellent
4bfc7a4a1cf8d4d2121c27422d9e50b5,25,7933.4,4.52,0.04,-9.8,0.08,A — Excellent
4c03b9dd4c11ee2cb35c96c49efc9420,48,6513.6,4.11,0.02,-14.15,0.15,A — Excellent
4c18691b6037662be2df78a765d98ab5,62,3159.02,3.85,0.06,-11.1,0.18,B — Good
4c2b230173bb36f9b240f2b8ac11786e,255,14507.44,4.0,0.09,-8.05,0.17,B — Good
4c498c7345e89aebad651544829beca0,45,4526.37,4.36,0.11,-8.8,0.07,C — Average
4c8b8048e33af2bf94f2eb547746a916,18,1708.04,3.5,0.11,-4.28,0.28,C — Average
4d6d651bd7684af3fffabd5f08d12e5a,358,42605.5,4.25,0.04,-13.01,0.11,A — Excellent
4da0e408c99d2fdc2126dc9fce518060,44,3089.92,4.41,0.0,-20.68,0.07,A — Excellent
4de6e4ba574aa9dfdc824bc44dc47fdd,14,451.1,4.07,0.07,-18.36,0.21,B — Good
4e06067cc08b3f41d837768d392c3ee3,31,1055.72,4.13,0.03,-13.0,0.19,A — Excellent
4e17c65a516f69d023a2ae78b84f28d6,61,7639.26,4.23,0.05,-22.11,0.18,A — Excellent
4e5725ba188db8252977a4f0227bd462,21,1865.09,3.52,0.24,-1.95,0.33,D — Needs intervention
4e7c18b98d84e05cbae3ff0ff03846c2,80,8889.9,4.23,0.04,-13.34,0.18,A — Excellent
4e922959ae960d389249c378d1c939f5,412,45408.41,3.96,0.09,-12.85,0.18,B — Good
4ebdc7e6cd6102a022dadc49156d4ea8,29,989.6,3.79,0.03,-11.0,0.21,B — Good
5011f0d93373a4c5753adf58ca77af8d,11,859.52,4.09,0.09,-8.18,0.09,B — Good
503c1de08ae81a2d86f17951b204db55,22,4906.99,4.41,0.05,-11.91,0.05,A — Excellent
5058e8c1e82653974541e83690655b4a,61,10434.04,3.28,0.11,-16.05,0.3,C — Average
5075aaa8404020ae6aa8bf4792099b41,10,1572.88,3.9,0.0,-11.6,0.2,B — Good
50c9975695009e5e6473912e83a6d1da,50,4034.3,3.94,0.14,-7.7,0.18,C — Average
512d298ac2a96d1931b6bd30aa21f61d,10,7352.04,4.6,0.0,-16.5,0.1,A — Excellent
5160d23075764e18e07c1f4a87fad743,32,2459.8,4.47,0.0,-9.78,0.06,A — Excellent
516e7738bd8f735ac19a010ee5450d8d,73,6501.19,4.64,0.03,-18.97,0.03,A — Excellent
51702dc2a3e106c76dbff722b5bf0726,13,2705.1,4.31,0.0,-14.46,0.08,A — Excellent
51e4e89242cbb846c2deff3dc015650e,16,822.58,4.62,0.0,-16.0,0.0,A — Excellent
520b493b57809f446cb0a233bb3e25c7,63,3758.89,4.29,0.02,-11.67,0.1,A — Excellent
522620dcb18a6b31cd7bdf73665113a9,171,56631.39,3.92,0.09,-13.77,0.18,B — Good
52562a9f449c3dc3d53f5f5b9ed74903,14,3266.6,4.79,0.0,-18.43,0.0,A — Excellent
527801b552d0077ffd170872eb49683b,90,17942.8,4.47,0.1,-11.32,0.08,B — Good
52d76513f0c4d97f3b99570e2c94ee31,18,6803.2,4.06,0.06,-16.5,0.17,B — Good
52f0fe436a347ddad7ed5f9aa4e27eaa,19,1525.24,3.74,0.11,-6.74,0.21,C — Average
52f9db5cfb423382a2fa5c9e39303202,21,1218.78,4.29,0.0,-14.95,0.1,A — Excellent
530ec6109d11eaaf87999465c6afee01,94,12682.11,4.34,0.01,-17.41,0.09,A — Excellent
53243585a1d6dc2643021fd1853d8905,348,217940.44,4.19,0.03,-11.48,0.1,A — Excellent
5343d0649eca2a983820bfe93fc4d17e,68,10546.46,3.96,0.1,-12.84,0.21,B — Good
537eb890efff034a88679788b647c564,152,4690.99,4.29,0.04,-12.03,0.07,A — Excellent
53d00c40e32aeb924a84ce72b1af869d,16,2057.95,4.38,0.12,-7.06,0.06,C — Average
53e4c6e0f4312d4d2107a8c9cddf45cd,453,29605.2,4.14,0.05,-13.13,0.12,A — Excellent
54065e9aef7e9e9c2dc23b7594db021a,12,7079.0,4.33,0.0,-22.75,0.08,A — Excellent
542917da124346b47ea1ac79a93ce454,20,1323.8,4.15,0.05,-14.0,0.15,A — Excellent
54583ab379489add547fe47b628db589,10,2240.0,4.8,0.0,-6.2,0.0,A — Excellent
54965bbe3e4f07ae045b90b0b8541f52,72,10191.7,3.18,0.31,-3.33,0.38,D — Needs intervention
54a1852d1b8f10312c55e906355666ee,197,16996.47,4.37,0.08,-10.96,0.08,B — Good
54c04bdb5ec46762f8f08c7e8f86ed4a,17,3165.11,4.29,0.12,-9.94,0.12,C — Average
557f22c76691849db52d2abccf0015d0,12,799.87,3.27,0.0,-15.5,0.25,C — Average
55a5b51f93f2b70ea513f5a047b0262a,38,3967.7,4.53,0.03,-12.18,0.03,A — Excellent
55bb6fe5bebe5012e2d7d9928e1128ff,15,1816.55,3.47,0.13,-10.8,0.4,C — Average
55d3daac7c404d59e51c2aa2f4dc5a23,21,4480.6,4.1,0.0,-11.29,0.1,A — Excellent
55f7a3319d80f7fdf078b8f03e6725fe,22,3013.78,3.77,0.05,-6.5,0.18,B — Good
562f8cfc51f265411f487d07e9c40e7f,13,766.92,4.54,0.08,-7.85,0.0,B — Good
562fc2f2c2863ab7e79a9e4388a58a14,252,9012.24,4.23,0.03,-13.05,0.1,A — Excellent
5656537e588803a555b8eb41f07a944b,169,7859.59,3.91,0.05,-11.81,0.18,B — Good
56642bcb79900e777d68e91915cb4267,48,3657.64,4.06,0.08,-13.6,0.15,B — Good
5670f4db5b62c43d542e1b2d56b0cf7c,22,6659.09,4.41,0.05,-14.14,0.09,A — Excellent
575df70bde3f9f2b30bf8d2e9910d725,26,5469.15,4.12,0.04,-16.38,0.15,A — Excellent
57c764b4a836300be881e2ff86e449f9,28,1202.9,4.22,0.14,-9.39,0.11,C — Average
57e632711dec9ec14ca7546769483e7e,61,6417.06,4.41,0.0,-16.67,0.05,A — Excellent
582d4f8675b945722eda7c0cb61ba4c7,56,5215.47,4.25,0.02,-13.54,0.12,A — Excellent
5882820ef11c4c068eea0677a7a879b4,14,9925.5,4.15,0.0,-17.36,0.0,A — Excellent
58f1a6197ed863543e0136bdedb3fce2,43,6709.0,4.26,0.02,-15.02,0.12,A — Excellent
59417c56835dd8e2e72f91f809cd4092,18,36459.0,4.28,0.0,-21.22,0.11,A — Excellent
594f9aaa48e5bf431f011ddc5669b0d5,37,3248.8,4.59,0.03,-13.73,0.03,A — Excellent
596849622429351f47b32e6cae1055ff,11,1005.0,4.6,0.0,-8.82,0.0,A — Excellent
59b22a78efb79a4797979612b885db36,124,27224.5,3.98,0.11,-9.98,0.2,C — Average
59cd88080b93f3c18508673122d26169,10,392.33,4.7,0.1,-9.4,0.0,B — Good
59cea8e446d3834393058e7e0666b6fb,10,696.6,4.6,0.0,-16.5,0.0,A — Excellent
59fb871bf6f4522a87ba567b42dafecf,123,21178.6,4.28,0.06,-14.6,0.07,B — Good
5a05a16bb50629ee31afab8a6d4c2674,14,794.3,4.21,0.0,-11.86,0.07,A — Excellent
5a413ade68e8f8d93071a7f52a64cb9e,14,778.9,4.64,0.07,-4.57,0.07,B — Good
5a425cc503b39b262a847fd6212bf53b,14,1340.6,4.46,0.07,-9.93,0.07,B — Good
5a6a02f419701fc8c605af71d4fc57a4,10,600.5,4.8,0.1,-9.3,0.0,B — Good
5a8e7d5003a1f221f9e1d6e411de7c23,128,10521.19,4.2,0.04,-11.71,0.12,A — Excellent
5a93f3ab0ef4c84ed5e1b5dbf23978bc,38,2299.28,4.79,0.03,-18.79,0.03,A — Excellent
5ab05b6d86d417796c69ffd6774ec832,10,1886.1,3.8,0.1,-11.7,0.2,B — Good
5abb8ea023c77787f2c15da891c8d384,13,2241.0,3.92,0.23,-7.15,0.15,D — Needs intervention
5b07547f10dd980738a1a27f685af669,13,1134.6,4.46,0.15,-5.85,0.08,C — Average
5b0cc932433fa5184b5b94bfe6bcc256,12,1437.8,3.58,0.25,-8.0,0.33,D — Needs intervention
5b179e9e8cc7ab6fd113a46ca584da81,34,5173.5,3.67,0.06,-11.68,0.21,B — Good
5b2e94f2c22b39ccc24d34ad0f669672,10,1022.6,4.9,0.1,-12.8,0.0,B — Good
5b33b527da3c5b969cc99dc435cad09a,16,1872.79,4.12,0.06,-14.06,0.12,B — Good
5b51032eddd242adc84c38acab88f23d,11,2512.0,4.27,0.0,-15.73,0.0,A — Excellent
5b581417df4480f632484ba681e53944,11,1641.6,3.73,0.18,-6.27,0.18,C — Average
5b664594895aefb418afaee6d40a9a23,16,1066.8,3.94,0.0,-12.0,0.19,B — Good
5b67882648febfb6e1225e6ad7164f6b,27,7028.38,4.0,0.04,-13.33,0.15,A — Excellent
5b8154610ebb21fb90eb587365e673df,37,9048.05,4.16,0.11,-9.97,0.14,C — Average
5b85809efd0d0e4dea1a9544e1280ed9,12,1804.6,4.25,0.0,-16.67,0.08,A — Excellent
5b925e1d006e9476d738aa200751b73b,63,7748.5,4.6,0.06,-11.22,0.05,B — Good
5bc24d989e71e93c33e50a7782431b0e,17,3148.0,4.35,0.0,-16.53,0.12,A — Excellent
5bc55dbe2f12b6af6d83ed46023e0dc8,16,3224.2,2.44,0.25,-7.19,0.56,D — Needs intervention
5bffbafbb22daf6d3bfc216a46db8708,21,5239.7,4.76,0.0,-16.67,0.0,A — Excellent
5c243662ce92d84573bfaff24c3e3700,98,32862.02,4.14,0.01,-13.63,0.1,A — Excellent
5c6d4016c2a288f074fa0848a2b653d2,30,3008.0,4.13,0.1,-9.8,0.13,B — Good
5c853bb56f70f4d14218944bae111d7a,22,360.02,4.14,0.0,-11.27,0.18,A — Excellent
5cbbd5a299cab112b7bf23862255e43e,35,2992.97,4.37,0.0,-13.97,0.09,A — Excellent
5cf13accae3222c70a9cac40818ae839,144,14140.55,4.51,0.02,-13.99,0.06,A — Excellent
5d0363b33554b373851fc1622e4d5f3c,91,6463.89,4.1,0.08,-9.04,0.11,B — Good
5d3bb11474a06bdc23fb9e89f1164ee0,31,3654.6,3.9,0.03,-13.42,0.16,B — Good
5d9dc90a686a8fddacffab6bab5653a3,12,3761.94,4.17,0.08,-9.58,0.08,B — Good
5dceca129747e92ff8ef7a997dc4f8ca,321,110342.62,4.01,0.06,-11.25,0.19,B — Good
5debea795b07621e1f90532e18f96145,25,1883.78,4.36,0.0,-18.68,0.08,A — Excellent
5f1dc28029d2c244352a68107ec2b542,61,2804.2,4.42,0.02,-15.9,0.07,A — Excellent
5f2684dab12e59f83bef73ae57724e45,67,8870.97,3.79,0.06,-11.07,0.24,B — Good
5f26c1408a65b42a7224cd463bdf3292,10,1139.8,4.8,0.0,-15.4,0.0,A — Excellent
5f3ae9136c875522250f8184f253413a,42,1143.05,4.64,0.05,-12.4,0.02,A — Excellent
5f5b43b2bffa8656e4bc6efeb13cc649,27,3817.19,4.41,0.04,-13.74,0.07,A — Excellent
5f67c6082caacb26e431a7b17940cece,13,1662.6,3.54,0.23,-1.54,0.23,D — Needs intervention
5f7300535881cef3b625fd683cf7d145,10,724.98,4.4,0.0,-13.8,0.1,A — Excellent
602044f2c16190c2c6e45eb35c2e21cb,46,3519.17,3.29,0.17,-8.22,0.33,C — Average
6039e27294dc75811c0d8a39069f52c0,62,13420.9,3.74,0.18,-7.05,0.19,C — Average
60562ab00b8054280520d390c8c0045c,17,2943.0,4.76,0.0,-14.29,0.0,A — Excellent
6061155addc1e54b4cfb51c1c2a32ad8,27,15614.4,4.78,0.04,-8.96,0.0,A — Excellent
609e1a9a6c2539919b8205cf7c4e6ff0,84,7207.78,3.87,0.01,-16.95,0.19,B — Good
610f72e407cdd7caaa2f8167b0163fd8,15,13322.72,3.8,0.13,-9.4,0.27,C — Average
612170e34b97004b3ba37eae81836b4c,107,23184.52,4.43,0.01,-18.37,0.07,A — Excellent
615005a3ef192c00c6f0e977cee3d2bc,10,323.99,3.8,0.1,-10.4,0.3,B — Good
620c87c171fb2a6dd6e8bb4dec959fc6,720,112623.7,4.31,0.09,-13.68,0.11,B — Good
624f4ece8da4aafb77699233d480f8ef,50,9026.79,4.24,0.08,-10.42,0.12,B — Good
6288c69c4ce638e59925e59193f98b16,20,4196.8,4.25,0.05,-12.05,0.05,A — Excellent
62c50c1af4dfdc4149d25c5222043d39,12,2325.83,4.08,0.0,-17.83,0.17,A — Excellent
6338ea67c41078a46ad99cc009654956,36,2276.1,4.62,0.0,-15.86,0.06,A — Excellent
634964b17796e64304cadf1ad3050fb7,262,39217.98,4.08,0.1,-10.24,0.15,B — Good
638cba8be1fb599bbb76fd6948351eb3,16,535.4,4.69,0.0,-11.31,0.06,A — Excellent
63a79f5a7eb5cb48a7e5787b141c7993,11,896.8,4.55,0.0,-14.09,0.0,A — Excellent
63b464dbf392c7b80d12d932fa7cafed,36,6622.0,3.86,0.06,-14.81,0.17,B — Good
63ffcb71394dd8ea3872ed9ffda17c74,17,399.0,3.18,0.06,-11.06,0.29,C — Average
640e21a7d01df7614a3b4923e990d40c,111,7547.68,4.37,0.05,-9.94,0.06,A — Excellent
6426d21aca402a131fc0a5d0960a3c90,23,1209.64,4.17,0.0,-13.52,0.09,A — Excellent
643214e62b870443ccbe55ab29a4dccf,65,3229.23,4.4,0.11,-10.92,0.05,C — Average
6481e96574816ead57975da2c0f6d80d,31,3297.9,4.26,0.03,-11.35,0.06,A — Excellent
655220df33262c7e0c4949a147366f94,13,2245.0,4.08,0.15,-8.23,0.15,C — Average
6560211a19b47992c3666cc44a7e94c0,1809,121661.09,3.99,0.05,-11.48,0.16,B — Good
659e8466eb3ff1b0e8740d74fb7bbedd,11,1486.8,4.36,0.0,-19.55,0.09,A — Excellent
65b081a070633e057c462abdd6fb9dd8,19,1885.09,4.32,0.0,-17.47,0.11,A — Excellent
65febd49fd28ec955651299159b1f527,33,4136.71,4.45,0.0,-12.97,0.09,A — Excellent
66922902710d126a0e7d26b0e3805106,150,14421.2,4.5,0.07,-10.33,0.05,B — Good
669ae81880e08f269a64487cfb287169,161,13245.36,4.26,0.04,-13.92,0.12,A — Excellent
66dc1b1632bd6a3e508510c5b3492107,36,3642.18,3.64,0.03,-14.75,0.25,B — Good
66e0557ecc2b4dbea057e93f215f68d8,30,12141.0,4.03,0.2,-8.9,0.13,C — Average
66fd84ee7528c0c0de85d0f44a73d5ab,11,1438.11,3.36,0.09,-15.18,0.27,C — Average
670a9dda115b5a88b18cfadee8de2332,11,918.9,4.45,0.0,-17.82,0.0,A — Excellent
670c26e0f1bf8d0576271d5cfaec6d2b,76,6200.2,4.36,0.05,-12.47,0.07,A — Excellent
671585f5a2af58b6e276bc01003c0d2b,27,1244.0,4.7,0.0,-13.96,0.04,A — Excellent
67883baaae6134ee81b271a542613728,19,8167.9,4.11,0.05,-6.11,0.11,A — Excellent
679769a98cfcc6da877c8486ff1c13f3,21,7029.0,4.57,0.0,-15.62,0.05,A — Excellent
67bf6941ba2f1fa1d02c375766bc3e53,15,5062.0,4.33,0.07,-9.93,0.07,B — Good
6806dad1da97bfb5a9038eac6881f706,10,1477.0,3.95,0.0,-13.3,0.1,B — Good
681fce914360217db47784ae28905a96,21,4051.23,4.2,0.14,-12.33,0.14,C — Average
6860153b69cc696d5dcfe1cdaaafcf62,74,3827.63,4.1,0.08,-9.45,0.15,B — Good
688756f717c462a206ad854c5027a64a,77,6050.46,3.91,0.04,-8.22,0.17,B — Good
68f86ba270525243e68ae74044f992b9,10,777.5,4.5,0.0,-13.7,0.0,A — Excellent
6973a06f484aacf400ece213dbf3d946,82,10611.51,3.81,0.16,-6.6,0.2,C — Average
6a0cbc8af2e8abd1bdfb777943d174c6,34,3788.15,4.03,0.09,-8.94,0.12,B — Good
6a38087bc8ad4f89ff453561005f6dea,15,1833.43,4.6,0.0,-12.8,0.0,A — Excellent
6a51fc556dab5f766ced6fbc860bc613,24,7217.87,4.0,0.08,-12.46,0.17,B — Good
6a8a889bde935bafa76d7848782dfaf9,26,900.81,4.04,0.08,-15.19,0.12,B — Good
6a8b085f816a1f75f92dbac6eb545f8f,124,5883.17,4.18,0.08,-10.04,0.1,B — Good
6aa3928696eab49a19a466e665a649fd,17,2072.9,4.71,0.06,-14.0,0.06,B — Good
6b15924333bd1a741595fe981ea04822,21,639.22,4.67,0.0,-11.29,0.0,A — Excellent
6b243f80ed07b10f0e8aa0f21a205f3c,78,6298.19,4.26,0.04,-14.67,0.1,A — Excellent
6b333a05bf188ef3e1f1662a86bd9855,12,3990.91,4.33,0.08,-8.67,0.08,B — Good
6b3bd31ad8fcda4b2635ec9f3ff2ecdf,34,4069.85,4.18,0.09,-8.88,0.15,B — Good
6b536a23086fba0d58c08d68814397f6,18,1996.8,4.11,0.06,-12.06,0.17,B — Good
6b90f847357d8981edd79a1eb1bf0acb,45,3322.08,4.36,0.0,-9.4,0.07,A — Excellent
6bb0724edf0b62fb91ac404873a97241,17,3653.0,4.47,0.06,-10.35,0.06,B — Good
6bbcb8924baf70b7fe2fe2097e8cd407,10,2382.5,4.5,0.0,-18.1,0.1,A — Excellent
6c12e40690c335dbc2f68a4134d30dc1,16,9139.2,4.07,0.0,-13.69,0.12,A — Excellent
6c177e38df6d3f34182b1f1d427231bf,53,8112.89,4.15,0.02,-14.49,0.13,A — Excellent
6c7d50c24b3ccd2fd83b44d8bb34e073,109,8898.48,4.53,0.02,-11.86,0.05,A — Excellent
6cd68b3ed6d59aaa9fece558ad360c0a,148,11317.57,4.45,0.01,-14.14,0.03,A — Excellent
6d22a1fcebb6dd08c9cd90b92a93e8d0,12,753.6,4.25,0.0,-10.67,0.08,A — Excellent
6d66611d7c44cc30ce351abc49a68421,162,13360.7,3.98,0.06,-10.99,0.15,B — Good
6d803cb79cc31c41c4c789a75933b3c7,58,8711.4,4.25,0.07,-13.83,0.09,B — Good
6d988d6174a2c27441597174f8905515,19,405.72,4.11,0.11,-8.89,0.16,C — Average
6ddc28b61be28373b4503a1f61cf98a9,10,1576.0,4.3,0.1,-7.5,0.1,B — Good
6df688df543f90e9b38f4319e75a9d88,39,1891.76,4.56,0.0,-15.41,0.03,A — Excellent
6e386f64c84e482f0b9abf960797ee1b,29,12209.3,4.61,0.07,-9.59,0.03,B — Good
6e864f5c4669eff3d98140a07cc50202,13,740.59,4.46,0.08,-11.46,0.08,B — Good
6ec1a01e866584bb679eb9b098345919,30,4014.81,4.24,0.2,-5.93,0.13,C — Average
6edacfd9f9074789dad6d62ba7950b9c,198,12884.1,4.47,0.05,-11.45,0.06,A — Excellent
6f229cc508fc6915ed5c499efd93baa4,13,2654.8,4.38,0.15,-8.92,0.15,C — Average
6f83d9e4da896daae20b9b6b2d3ff8d2,11,963.19,4.36,0.0,-15.09,0.09,A — Excellent
6f892e20a171e98efe17fdb971ff319b,41,6049.0,4.15,0.1,-9.83,0.1,B — Good
6fc26fe110feebd80a433e1f012a84f9,35,4150.87,3.91,0.11,-11.89,0.14,C — Average
6fd52c528dcb38be2eea044946b811f8,67,7743.02,3.39,0.13,-10.79,0.36,C — Average
7008613ea464bad5cb9b83456e1e6a8f,123,7538.7,4.28,0.05,-13.9,0.07,A — Excellent
701938c450705b8ae65fc923b70f35c7,74,11879.29,4.0,0.04,-11.74,0.12,A — Excellent
7040e82f899a04d1b434b795a43b4617,205,9313.79,3.66,0.08,-10.21,0.25,B — Good
70849ca4f400aaabb62cb7462a6f1428,12,909.58,4.42,0.17,-11.0,0.08,C — Average
709e16e2b25c7474d980076c6bfc4806,59,5108.0,4.51,0.03,-12.86,0.02,A — Excellent
70a12e78e608ac31179aea7f8422044b,309,29871.0,3.8,0.09,-10.34,0.2,B — Good
70c27847eca8195c983ed7e798c56743,77,12473.5,4.23,0.06,-11.75,0.18,B — Good
70eea00b476a314817cefde4aad4f89a,104,31191.75,4.41,0.07,-11.95,0.07,B — Good
71039d19d4303bf9054d69e9a9236699,35,3612.2,3.8,0.2,-7.91,0.2,C — Average
710e3548e02bc1d2831dfc4f1b5b14d4,129,22197.35,3.44,0.04,-21.74,0.3,C — Average
712e6ed8aa4aa1fa65dab41fed5737e4,77,39385.0,3.39,0.21,-9.12,0.35,D — Needs intervention
7139dc5186aa238b006e066d8fbab2e4,22,1712.0,4.0,0.14,-11.05,0.18,C — Average
7142540dd4c91e2237acb7e911c4eba2,316,37505.73,4.05,0.07,-13.45,0.14,B — Good
715bbd5ba4e6b74cb0d2f29eb45058b0,61,4042.3,4.46,0.08,-13.08,0.07,B — Good
7178f9f4dd81dcef02f62acdf8151e01,202,36795.4,4.06,0.03,-18.48,0.14,A — Excellent
718539d38d07dd351c76db862760e2e2,35,1287.81,4.63,0.0,-14.03,0.03,A — Excellent
7202e2ba20579a9bd1acb29e61fe71f6,51,12085.7,3.98,0.04,-12.18,0.16,B — Good
7238a95bb63ef7e498389fb863b834a1,15,2265.7,4.73,0.0,-9.53,0.0,A — Excellent
723cd880edaacdb998898b67c8f9da30,11,2206.43,4.09,0.09,-11.27,0.18,B — Good
725c32fa80c2faacc4fc88450d27314e,88,7698.89,4.52,0.01,-12.39,0.02,A — Excellent
7299e27ed73d2ad986de7f7c77d919fa,334,34372.24,4.43,0.04,-12.52,0.07,A — Excellent
729b2d09b2a0bdab221076327f13d050,48,1805.21,4.56,0.04,-12.29,0.04,A — Excellent
729f06993dac8e860d4f02d7088ca48a,93,20066.07,4.21,0.1,-10.75,0.11,B — Good
72bc2cce903c872fe376a8faaa81d237,17,2149.2,4.65,0.0,-8.18,0.06,A — Excellent
72c5da29406b4234927b81855e7b64f6,31,11846.69,4.13,0.03,-16.58,0.13,A — Excellent
730937bf88cb151eb2eb849f642fc213,22,2868.1,4.41,0.05,-10.73,0.09,A — Excellent
7357b52d27cbaa90f81a96cbc1279396,12,1328.02,4.33,0.08,-9.08,0.08,B — Good
73a63f72308aa20a46f4b1632018f196,24,7137.75,4.35,0.0,-15.0,0.04,A — Excellent
744dac408745240a2c2528fb1b6028f3,78,22561.6,4.58,0.01,-16.77,0.04,A — Excellent
750303a20e9c56b2a6bc45cdce0b897d,53,7876.0,4.3,0.04,-11.83,0.09,A — Excellent
751bdc4d83a466c7206cd42e8f426b03,51,6730.76,3.94,0.02,-11.75,0.22,B — Good
7586919161935337bf6b6d7ff5779648,11,1664.71,3.82,0.18,-5.55,0.27,C — Average
75d34ebb1bd0bd7dde40dd507b8169c3,57,12656.33,3.93,0.12,-16.4,0.19,C — Average
75fbb52eda0cbc24f479d3b2fbfa8d3e,38,1159.18,4.45,0.05,-14.16,0.08,A — Excellent
7681ef142fd2c19048da7430856b5588,56,30929.81,4.27,0.09,-9.14,0.11,B — Good
768a86e36ad6aae3d03ee3c6433d61df,16,562.46,4.62,0.12,-8.75,0.0,C — Average
768de2a4fc06aacecb9a586ccc30746a,13,442.7,4.38,0.0,-12.46,0.08,A — Excellent
76d5af76d0271110f9af36c92573f765,127,31992.67,4.16,0.09,-12.32,0.13,B — Good
76d64c4aca3a7baf218bf93ef7fa768d,64,17533.59,4.23,0.03,-15.11,0.14,A — Excellent
76ea5315acb3f5f7ade3cd261faf922a,15,1261.06,4.27,0.07,-11.2,0.07,B — Good
7722b1df1b0e383e000397b2c11e3e19,129,7063.9,4.28,0.03,-11.81,0.1,A — Excellent
77530e9772f57a62c906e1c21538ab82,305,45486.5,4.19,0.1,-10.87,0.14,B — Good
77a515caa36327151d1cc6c32a9f00e1,26,2217.39,4.42,0.12,-10.73,0.08,C — Average
77e4abfd739aed9c46480f90f81c0eb4,17,3607.99,4.76,0.0,-16.0,0.0,A — Excellent
77fccaae319668a8ab6cd0fd16aec48c,11,1667.0,4.45,0.0,-11.55,0.09,A — Excellent
784ba75dd9d20200c4caed3d7a77141a,19,8142.33,4.13,0.11,-9.21,0.16,C — Average
788e857f317e53de488d393e65a80f45,11,1210.0,4.91,0.0,-13.82,0.0,A — Excellent
78c99c6dff4eeae5be99bf635ed21e3f,31,2150.87,4.42,0.06,-10.48,0.1,B — Good
7901646fdd36a55f564ffaf2dbccaaf7,22,11857.08,4.5,0.09,-11.55,0.09,B — Good
79ebd9a61bac3eaf882805ed4ecfa12a,125,14483.68,4.15,0.05,-12.02,0.11,A — Excellent
79ed755314cfe6df0daef2c6cd3022cd,23,3907.5,4.73,0.0,-13.7,0.0,A — Excellent
7a241947449cc45dbfda4f9d0798d9d0,56,7454.56,4.15,0.07,-13.59,0.11,B — Good
7a2d2949aea47fab95fd98d6c9f618b1,11,1638.99,4.27,0.0,-17.55,0.09,A — Excellent
7a425d299613df3e613bcf9d2eaf5c49,18,1218.8,4.11,0.06,-12.11,0.17,B — Good
7a67c85e85bb2ce8582c35f2203ad736,1135,140601.13,4.3,0.05,-11.78,0.09,A — Excellent
7aa4334be125fcdd2ba64b3180029f14,212,15778.07,4.14,0.12,-9.37,0.14,C — Average
7ad32824caee82087b3e2e5f33b1bf32,144,22021.37,3.86,0.13,-9.85,0.19,C — Average
7ade73f1b9b4e965f9009a4c3a7e2c15,26,1861.45,4.77,0.0,-13.08,0.0,A — Excellent
7b07b3c7487f0ea825fc6df75abd658b,90,9245.47,4.41,0.04,-11.08,0.1,A — Excellent
7b0df942f46435babab05d49b744b2c4,32,22600.63,4.39,0.09,-10.88,0.06,B — Good
7b1222c3624aa89b9558b50a2594188c,22,10103.52,4.45,0.14,-13.05,0.09,C — Average
7b7f91e98f8c6def45a1407923304402,11,417.47,4.18,0.09,-10.0,0.18,B — Good
7bac63f6603d382cc8d0832eb6c100a8,19,7751.95,4.0,0.11,-5.42,0.11,C — Average
7c1fea10b5b006671d608b1d7c446ec4,12,363.8,4.0,0.08,-9.83,0.17,B — Good
7c4618c82226628831613e95e9c22f44,12,300.03,4.25,0.08,-7.92,0.08,B — Good
7c5b05cbdb5542049f38d90d7815b97d,21,993.97,4.52,0.05,-12.14,0.1,A — Excellent
7c67e1448b00f6e969d365cea6b010ab,966,185389.26,3.5,0.09,-11.31,0.25,B — Good
7d13fca15225358621be4086e1eb0964,555,114174.13,4.05,0.12,-10.8,0.17,C — Average
7d456afc660226829370f3173d14520c,54,8321.04,4.41,0.04,-12.93,0.07,A — Excellent
7d76b645482be4a332374e8223836592,172,3913.61,4.0,0.09,-9.06,0.14,B — Good
7dc8c42cc750eeafea6c85712ffee9bf,41,6548.68,4.2,0.05,-13.88,0.12,A — Excellent
7ddcbb64b5bc1ef36ca8c151f6ec77df,325,54655.56,4.03,0.08,-10.08,0.15,B — Good
7e1fb0a3ebfb01ffb3a7dae98bf3238d,154,26073.53,4.18,0.12,-10.6,0.1,C — Average
7e26c750b4cb9f6766f58265ff9ebe95,23,1344.3,4.43,0.0,-13.74,0.04,A — Excellent
7e3f87d16fb353f408d467e74fbd8014,91,4702.99,4.16,0.07,-10.37,0.11,B — Good
7e93a43ef30c4f03f38b393420bc753a,318,165556.29,4.38,0.05,-12.17,0.08,A — Excellent
7ea5bfa6c340f58f8e71fc1f0412b0d6,92,10358.95,4.32,0.07,-9.6,0.05,B — Good
7ecd59e5e20407131822c1a68ac59c1f,24,1466.71,4.42,0.12,-12.0,0.08,C — Average
7f152321c60a266edc53af1925ef96c1,19,3669.81,3.95,0.32,-5.63,0.21,D — Needs intervention
7f2617c58d5d06806987308b45654351,22,3656.8,3.82,0.09,-9.27,0.14,B — Good
7f7b8245c336066a1f9933c359f11d77,38,2094.36,4.55,0.03,-12.05,0.08,A — Excellent
7fc87cc3e89b3d1d5cabdca32f8485aa,14,2153.9,3.57,0.21,-9.0,0.29,D — Needs intervention
7ff588a03c2aeae4fbd23f9ae64b760d,14,1182.2,4.64,0.0,-9.71,0.07,A — Excellent
808d4348b916efa08e766ebad39f61eb,20,712.95,4.6,0.05,-9.35,0.05,A — Excellent
8090490573c6c0aa343a7231ebcb8c86,26,3871.12,4.19,0.08,-11.5,0.12,B — Good
80e6699fe29150b372a0c8a1ebf7dcc8,95,11128.23,4.37,0.03,-15.98,0.07,A — Excellent
813348c996469b40f2e028d5429d3495,170,10694.73,4.08,0.05,-10.56,0.14,A — Excellent
81336a0f57a33776419727a300249e90,15,1351.9,4.07,0.13,-8.4,0.13,C — Average
8160255418d5aaa7dbdc9f4c64ebda44,368,45897.6,3.99,0.14,-8.08,0.16,C — Average
817245bcc3badd82bbd222e0366951a6,28,5345.6,4.11,0.04,-12.39,0.07,A — Excellent
817f85dbb65aa3e70831d90fe75cdf89,11,1552.27,4.55,0.0,-25.55,0.0,A — Excellent
81a1104df0f08b59c68aa5b03cfe398e,72,9320.98,4.31,0.04,-13.71,0.07,A — Excellent
81f89e42267213cb94da7ddc301651da,45,3886.0,3.73,0.0,-9.71,0.2,B — Good
820cc752a266cdc6c1a1e61dd4583330,15,2802.8,4.13,0.07,-11.67,0.07,B — Good
821fb029fc6e495ca4f08a35d51e53a5,24,17851.62,3.48,0.33,-4.33,0.29,D — Needs intervention
822166ed1e47908f7cfb49946d03c726,67,3946.63,4.02,0.01,-13.12,0.18,A — Excellent
822bad9bc42b51213ba522fe87b7ab5d,17,4881.0,4.24,0.29,-3.82,0.06,D — Needs intervention
827f8f69dfa529c561901c4f2e0f332f,91,3408.39,4.29,0.07,-10.34,0.11,B — Good
82bd0703a4aefd6b599e5bfdaed378fb,19,2315.28,4.11,0.05,-20.47,0.16,A — Excellent
82cb9f452fe8334df74b22d37824b431,13,757.7,4.69,0.0,-19.0,0.0,A — Excellent
82e0a475a88cc9595229d8029273f045,41,10827.02,3.63,0.1,-8.24,0.29,B — Good
834f3294fba9f932f56edc879193f925,65,39297.5,4.55,0.06,-9.62,0.05,B — Good
834f8533b2ecb6598dd004ff3de7203a,40,4260.43,3.92,0.15,-6.38,0.18,C — Average
835f0f7810c76831d6c7d24c7a646d4d,41,4975.3,3.41,0.27,-5.54,0.29,D — Needs intervention
83645b1645cdee8953ee54c29ceed564,14,978.9,4.43,0.0,-14.0,0.0,A — Excellent
83deb69e889cf80f82be1dc6d5f2d486,40,5363.01,4.32,0.05,-11.8,0.15,A — Excellent
83e197e95a1bbabc8c75e883ed016c47,46,6574.19,4.8,0.02,-14.15,0.02,A — Excellent
8444e55c1f13cd5c179851e5ca5ebd00,91,21666.95,3.35,0.07,-22.55,0.33,C — Average
845e8036c3f7bf62099352f5ed910240,21,1918.4,3.95,0.0,-13.57,0.24,B — Good
8476243f92442881ddd5b578975cf115,12,7892.99,4.08,0.08,-7.58,0.17,B — Good
850913d59ce317156b00f3705f1c3edb,28,2141.0,3.64,0.18,-6.75,0.29,C — Average
850f4f8af5ea87287ac68de36e29107f,185,45358.27,4.31,0.05,-14.65,0.09,A — Excellent
851773c885feb5e2da3b4f82bc2b17ce,10,585.3,4.2,0.2,-8.5,0.1,C — Average
855668e0971d4dfd7bef1b6a4133b41b,298,30824.21,3.87,0.13,-9.0,0.2,C — Average
8581055ce74af1daba164fdbd55a40de,378,63902.92,4.31,0.08,-8.95,0.1,B — Good
85d9eb9ddc5d00ca9336a2219c97bb13,498,15095.49,4.23,0.02,-15.65,0.09,A — Excellent
8602a61d680a10a82cceeeda0d99ea3d,14,880.59,4.57,0.0,-11.14,0.07,A — Excellent
8603f0038fe0e52fedd3382d266723de,10,2355.0,4.4,0.0,-11.8,0.1,A — Excellent
8629c241b3622ac12cd4118afdc8d394,13,1167.66,4.08,0.08,-14.08,0.15,B — Good
863d2ebcd347ce4922de7a0f9a5581d6,17,1312.36,4.06,0.12,-10.41,0.12,C — Average
8648b1e89e9b349e32d3741b30ec737e,91,7071.95,4.16,0.1,-11.92,0.14,B — Good
86bb7c4b535e49a541baf3266b1c95b1,16,8162.4,3.2,0.19,-11.88,0.38,C — Average
86ccac0b835037332a596a33b6949ee1,170,15446.87,4.27,0.02,-14.86,0.11,A — Excellent
870d0118f7a9d85960f29ad89d5d989a,44,3166.21,4.11,0.05,-10.0,0.07,A — Excellent
87142160b41353c4e5fca2360caf6f92,302,30683.03,4.41,0.04,-14.97,0.06,A — Excellent
87b740daf17b5d1be335a64164ec6842,10,11299.9,4.0,0.1,-13.3,0.1,B — Good
87d30a6a0cbf89356e49324971ab1d24,17,2134.13,4.35,0.06,-10.76,0.12,B — Good
87d3c3aeb3ead335511b3ce315eb341e,15,749.35,3.5,0.07,-8.47,0.2,B — Good
88460e8ebdecbfecb5f9601833981930,238,32873.71,3.45,0.18,-10.97,0.3,C — Average
888faa8bfb0b159c37de6d898b961c31,17,1890.6,4.24,0.0,-15.59,0.12,A — Excellent
88cf19ec1fc2c58f161aee259d57142c,14,1372.97,4.5,0.0,-13.29,0.0,A — Excellent
891071be6ba827b591264c90c2ae8a63,84,3748.35,3.99,0.14,-11.19,0.19,C — Average
8931a84a914b3fe9b1ddaa4d704947ca,29,4668.3,4.07,0.07,-10.79,0.17,B — Good
897060da8b9a21f655304d50fd935913,302,23408.88,3.72,0.11,-9.72,0.23,C — Average
89a51f50b8095ea78d5768f34c13a76f,10,677.16,4.7,0.0,-13.2,0.0,A — Excellent
89bc797e2e29667aa035d4368f9b7f92,16,392.4,3.88,0.19,-19.62,0.19,C — Average
89f69225956f951295ca4c7fb1266553,11,1041.3,4.27,0.0,-16.73,0.09,A — Excellent
8a130737016f838139d31878787a39c9,56,4222.03,4.45,0.07,-10.71,0.05,B — Good
8a2d12a90e92f012ce5226fc6592b653,18,1660.65,4.59,0.0,-15.94,0.06,A — Excellent
8a32e327fe2c1b3511609d81aaf9f042,126,6546.82,3.94,0.03,-14.9,0.16,B — Good
8a432f4e5b471f8da497d7dc517666e2,92,7460.9,4.22,0.02,-12.17,0.12,A — Excellent
8ab42aa58097fd4668d60cc648225d5f,20,2776.75,4.2,0.0,-17.3,0.05,A — Excellent
8ae520247981aa06bc94abddf5f46d34,65,16320.99,4.45,0.0,-16.45,0.09,A — Excellent
8b2492b7ff4468839593fafeed55bad9,29,3660.08,4.17,0.07,-8.45,0.14,B — Good
8b28d096634035667e8263d57ba3368c,136,8956.92,4.04,0.11,-10.19,0.14,C — Average
8b321bb669392f5163d04c59e235e066,926,17494.39,4.11,0.09,-9.93,0.14,B — Good
8b8cfc8305aa441e4239358c9f6f2485,15,11892.0,4.2,0.13,-16.07,0.13,C — Average
8b9d6eec4a7eb7d0f9d579ce0b38324d,47,4323.35,4.11,0.15,-10.11,0.15,C — Average
8bb48dc19fccaa8613b6229bf7f452a2,81,4227.48,4.41,0.02,-13.16,0.09,A — Excellent
8bd0f31cf0a614c658f6763bd02dea69,32,4255.35,4.26,0.03,-13.53,0.09,A — Excellent
8bdd8e3fd58bafa48af76b2c5fd71974,10,2135.83,4.9,0.1,-12.11,0.0,B — Good
8c16d1f32a54d92897cc437244442e1b,107,5607.8,4.39,0.01,-15.3,0.07,A — Excellent
8ca1551acf9832a4cf467bbbac15851f,11,2236.3,3.91,0.09,-14.0,0.18,B — Good
8cbac7e12637ed9cffa18c7875207478,66,3121.87,4.17,0.06,-13.62,0.11,B — Good
8cc6a0e5738e61a87b03c78b2ba9db4b,23,13272.7,4.48,0.09,-10.61,0.04,B — Good
8d79c8a04e42d722a75097ce5cbcf2ef,25,2600.32,4.56,0.08,-11.84,0.08,B — Good
8d956fec2e4337affcb520f56fd8cbfd,209,11025.2,4.22,0.06,-10.54,0.1,B — Good
8daab2245ebdc277c51098d01c5ad8ef,16,1604.59,4.62,0.0,-17.38,0.0,A — Excellent
8e2b3afb420011ef0c88c9d5f11ea526,11,1441.39,4.27,0.09,-10.73,0.09,B — Good
8e6cc767478edae941d9bd9eb778d77a,100,6134.35,4.07,0.06,-13.47,0.15,B — Good
8e6d7754bc7e0f22c96d255ebda59eba,79,13449.7,3.68,0.14,-5.05,0.24,C — Average
8e8a7ce9f2f970dc00e2acf6f6e199f6,63,8821.0,4.0,0.06,-10.98,0.13,B — Good
8ed8ea9a57c862f2c18c2fe41f601d56,19,3831.9,4.47,0.0,-15.74,0.05,A — Excellent
8f119a0aee85c0c8fc534629734e94fd,74,3658.79,4.32,0.04,-10.92,0.07,A — Excellent
8f2ce03f928b567e3d56181ae20ae952,151,21213.2,4.15,0.13,-9.02,0.12,C — Average
8f54d64f28a993550aa7943f12572959,15,2755.5,3.73,0.07,-11.93,0.27,B — Good
8f78f0903005064036736c7173a5c2ed,13,2113.7,3.77,0.0,-11.85,0.23,B — Good
8fdca8e349553f99bc738833a62c8802,22,989.34,4.19,0.05,-12.45,0.09,A — Excellent
8ff1a9df749e454105c55cda13e79143,12,1240.7,4.0,0.0,-8.92,0.17,A — Excellent
900ba814c251a692506d7834c1218441,85,28526.41,4.22,0.14,-8.58,0.08,C — Average
903037660cf848a717166eb7a06d616e,42,7855.2,3.93,0.12,-15.81,0.19,C — Average
916748bc99315c2d202898ae58b1617e,25,369.4,4.28,0.0,-10.08,0.08,A — Excellent
916c9de0b5ad957346eeeb12f332687e,22,5336.5,4.55,0.0,-17.95,0.05,A — Excellent
91f0eec23d4a61d7d7caeefa3f0ad1ca,11,2190.8,3.55,0.27,-5.73,0.27,D — Needs intervention
91f848e9f4be368f4318775aac733370,60,5668.61,4.4,0.02,-11.77,0.05,A — Excellent
921323538c9f1c4e816f2720eac02bea,15,1401.84,3.93,0.2,-9.27,0.13,C — Average
92eb0f42c21942b6552362b9b114707d,330,6386.15,4.03,0.05,-10.29,0.14,A — Excellent
93b9a99027bd8bd6af682aff18dd19bf,18,1850.0,4.11,0.0,-17.22,0.06,A — Excellent
93dc87703c046b603023e75222018b45,32,7720.35,4.17,0.09,-10.22,0.09,B — Good
94144541854e298c2d976cb893b81343,68,17286.28,4.25,0.04,-14.28,0.12,A — Excellent
94e93ce877be27a515118dbfd2c2be41,29,5436.58,4.04,0.0,-11.14,0.14,A — Excellent
951e8cef368f09bb3f3d03c00ca4702c,60,3873.33,4.21,0.07,-9.98,0.12,B — Good
955fee9216a65b617aa5c0531780ce60,1255,131943.4,4.21,0.06,-10.21,0.1,B — Good
9596c870880d900012f2e8e6e30d06d7,21,7625.35,4.29,0.05,-12.38,0.05,A — Excellent
95e03ca3d4146e4011985981aeb959b9,169,10886.17,4.06,0.04,-15.03,0.12,A — Excellent
95ec4458365c4d11f452ccf538377619,26,1919.06,4.76,0.04,-9.92,0.0,A — Excellent
95f83f51203c626648c875dd41874c7f,48,3141.53,3.75,0.02,-14.12,0.27,B — Good
960945e1a9535cbc0cd6ddd35fbe7ae8,28,3441.53,4.64,0.0,-10.29,0.0,A — Excellent
9616352088dcf83a7c06637f4ebf1c80,91,5643.1,4.34,0.0,-15.45,0.08,A — Excellent
9646c3513289980f17226a2fc4720dbd,69,2964.4,4.45,0.03,-13.94,0.06,A — Excellent
96493fab2fbb13a14d0c0e8772eef5c3,63,18969.0,4.06,0.06,-10.13,0.14,B — Good
966cb4760537b1404caedd472cc610a5,66,44969.26,4.11,0.03,-15.64,0.12,A — Excellent
9674754b5a0cb32b638cec001178f799,83,4849.84,4.13,0.02,-11.07,0.14,A — Excellent
96804ea39d96eb908e7c3afdb671bb9e,36,3529.9,4.22,0.03,-13.53,0.11,A — Excellent
968268a686aa05d1f529fb07dff08130,12,4677.29,3.5,0.0,-11.83,0.33,B — Good
972d0f9cf61b499a4812cf0bfa3ad3c4,76,7503.91,3.11,0.12,-9.45,0.39,C — Average
974cf2cb8f4b7add98709c30df02fe10,30,2694.7,4.17,0.03,-13.8,0.1,A — Excellent
97512d3fc193b2d1dfcdba0f9d1f0f8a,12,1458.87,4.25,0.08,-8.67,0.08,B — Good
977f9f63dd360c2a32ece2f93ad6d306,19,2771.03,3.89,0.11,-10.79,0.16,C — Average
9803a40e82e45418ab7fb84091af5231,11,4278.75,3.73,0.0,-16.45,0.27,B — Good
980640c45d7a4635885491d077167e4d,14,1004.29,4.64,0.07,-10.36,0.0,B — Good
985c92cc412091f8529c12d7f23d3fef,12,1368.5,4.75,0.0,-14.0,0.0,A — Excellent
989becdce12ebc39863c2bceab6f3ca1,15,6302.9,4.8,0.07,-15.53,0.0,B — Good
98dac6635aee4995d501a3972e047414,88,4336.32,4.14,0.05,-11.02,0.18,A — Excellent
99002261c568a84cce14d43fcffb43ea,36,4117.0,3.72,0.06,-12.25,0.17,B — Good
9906e7aa42a3c067b7c9a564d01c4320,12,2738.8,4.5,0.17,-12.0,0.08,C — Average
994f04b3718c2bab35c2adfa8afecd2a,46,3239.9,4.37,0.07,-8.13,0.02,B — Good
99a54764c341d5dc80b4a8fac4eba3fb,43,3609.86,3.64,0.12,-9.86,0.21,C — Average
99eaacc9e6046db1c82b163c5f84869f,63,12642.28,4.0,0.11,-8.79,0.17,C — Average
9a84ba99f5367fdbd4598363496f1ea2,15,2223.38,3.8,0.0,-22.27,0.13,B — Good
9add47bf45ce8e8c7db6b9cf670b1e09,41,4642.67,4.22,0.02,-13.73,0.07,A — Excellent
9b00ed88b7fdb95d6ff76e27c1b52d16,46,1600.88,4.54,0.07,-10.52,0.07,B — Good
9b013e03b2ab786505a1d3b5c0756754,168,8720.96,4.23,0.04,-9.86,0.12,A — Excellent
9baf5cb77970f539089d09a38bcec5c3,31,5989.68,4.42,0.0,-18.06,0.06,A — Excellent
9bcdfa7b615b3abb9461d9e3ad9886ae,14,2126.07,4.43,0.07,-14.57,0.07,B — Good
9c068d10aca38e85c50202e17b4a7e88,15,2476.3,4.29,0.2,-12.0,0.13,C — Average
9c0e69c7bf2619675bbadf47b43f655a,145,32846.89,4.2,0.09,-7.61,0.1,B — Good
9c690ceacd5c66731bf443ea810195cb,10,871.8,4.3,0.0,-18.2,0.1,A — Excellent
9d39404483343dd55c7ae254494d8388,10,293.2,3.5,0.1,-11.6,0.3,B — Good
9d4db00d65d7760644ac0c14edb5fd86,97,9845.71,4.54,0.04,-11.46,0.04,A — Excellent
9d5604a1f112324ad6b2aa552122e0fb,13,421.5,3.54,0.0,-14.23,0.31,B — Good
9d5a9018aee56acb367ba9c3f05d1d6a,66,10249.97,4.45,0.02,-13.45,0.11,A — Excellent
9d681c7e12db302cb261e721040dde65,13,785.6,4.92,0.0,-14.54,0.0,A — Excellent
9d7a1d34a5052409006425275ba1c2b4,13,1054.82,4.38,0.08,-12.08,0.08,B — Good
9dd59e43f0c9f0553244e8f9c2fb247e,10,356.3,4.8,0.1,-13.7,0.0,B — Good
9dda5bbacd45e18d6485fee649205d09,17,1715.7,4.35,0.06,-7.59,0.12,B — Good
9de4643a8dbde634fe55621059d92273,72,17640.24,4.53,0.03,-11.75,0.06,A — Excellent
9df5750209b83567ec144eb299d7d634,11,4917.0,4.0,0.09,-20.27,0.18,B — Good
9e6229250fedbe05838fef417b74e7fb,68,12298.69,3.97,0.03,-14.99,0.12,B — Good
9f50216bfd01913736a55a11b55ea842,17,1498.49,4.41,0.12,-8.18,0.06,C — Average
9f505651f4a6abe901a56cdc21508025,392,25978.36,4.37,0.04,-10.79,0.09,A — Excellent
a066df7361163e7ddc5d7452dd17448b,15,1078.3,4.4,0.2,-8.6,0.13,C — Average
a1043bafd471dff536d0c462352beb48,699,99676.47,4.28,0.05,-12.42,0.09,A — Excellent
a13580f0e8f782b7a543885a0ef99f08,10,1304.9,4.4,0.2,-8.5,0.0,C — Average
a1474fd46fd3430168f7ec202da39408,12,2752.5,4.33,0.17,-12.67,0.08,C — Average
a17f621c590ea0fab3d5d883e1630ec6,61,2941.73,4.14,0.07,-10.18,0.15,B — Good
a23266650e7c84bb93fbbba502137478,11,1512.4,3.82,0.0,-16.82,0.18,B — Good
a2b5b6105ea5942300631d2e76f4ffe0,16,3286.69,4.75,0.06,-8.06,0.0,B — Good
a2deecd5398f5df4987110c80a1972a3,13,623.81,4.27,0.0,-13.69,0.08,A — Excellent
a2e874074c877c5a05abae80ad6e488f,40,7355.0,4.25,0.05,-16.27,0.08,A — Excellent
a369d693961cb93b61ca2cc518872a85,11,2656.9,3.91,0.0,-15.45,0.18,B — Good
a36b125ac6d5fdbc7f50de85c9157bdc,23,1793.65,3.96,0.09,-10.83,0.13,B — Good
a3a38f4affed601eb87a97788c949667,249,26496.22,4.4,0.04,-14.61,0.08,A — Excellent
a3dd39f583bc80bd8c5901c95878921e,34,4607.81,4.59,0.03,-11.79,0.03,A — Excellent
a3e9a2c700480d9bb01fba070ba80a0e,121,12930.5,4.09,0.09,-10.25,0.14,B — Good
a3f0b55de503387383c7b1de3ad7f678,23,4258.5,4.39,0.04,-14.0,0.04,A — Excellent
a416b6a846a11724393025641d4edd5e,157,24930.24,4.22,0.11,-10.25,0.14,C — Average
a420f60ff1aa9acc80d0e42959f2b313,66,7415.3,4.0,0.08,-12.94,0.14,B — Good
a425f92c199eb576938df686728acd20,16,1106.3,4.5,0.0,-15.25,0.12,A — Excellent
a44fb5a447105f8469bdf16bf9159f25,19,3706.1,4.05,0.21,-7.0,0.16,D — Needs intervention
a49928bcdf77c55c6d6e05e09a9b4ca5,94,8495.09,3.06,0.22,-4.24,0.39,D — Needs intervention
a5a1bfcf728ab0e19182959cf0771ee4,19,1713.16,4.32,0.05,-9.68,0.05,A — Excellent
a5cba26a62b8b4d0145b68b841e62e7f,53,14438.84,4.57,0.02,-14.81,0.04,A — Excellent
a673821011d0cec28146ea42f5ab767f,122,13463.73,4.03,0.11,-8.85,0.16,C — Average
a6bd7d1ccdac48c6b33b28596b7eb122,14,13019.6,3.69,0.07,-16.0,0.29,B — Good
a6fe7de3d16f6149ffe280349a8535a0,50,2844.9,4.04,0.12,-9.34,0.16,C — Average
a7f13822ceb966b076af67121f87b063,73,12017.69,3.4,0.04,-16.41,0.27,C — Average
a8739afb32aaa45e01815ca76f76f54b,13,298.83,3.77,0.0,-10.38,0.23,B — Good
a888faf2d1baececa6baf9c3d603ee1f,53,17564.8,4.09,0.09,-10.68,0.15,B — Good
a938325a4b357fd23a6a4d5bb126408e,23,3182.0,3.96,0.04,-10.78,0.17,B — Good
aac29b1b99776be73c3049939652091d,93,6658.48,4.16,0.1,-10.66,0.1,B — Good
aac51c486b672a9850d59f3e84b1cf88,10,728.28,4.8,0.0,-8.5,0.0,A — Excellent
aae3bfea055532c57fb453ed3ec80b30,48,3147.82,3.6,0.0,-13.77,0.21,B — Good
aaed1309374718fdd995ee4c58c9dfcd,103,9158.25,4.09,0.03,-17.23,0.13,A — Excellent
aafe36600ce604f205b86b5084d3d767,128,9197.59,4.41,0.04,-13.09,0.09,A — Excellent
aba1721a889e04decc910aa13b768ef4,82,14129.3,4.45,0.07,-11.55,0.1,B — Good
abc015ebac1d283a323ca9db35ede4b9,12,1106.8,4.42,0.0,-15.0,0.08,A — Excellent
abcd2cb37d46c2c8fb1bf071c859fc5b,42,4652.42,4.38,0.05,-16.4,0.02,A — Excellent
abe42c5d03695b4257b5c6cbf4e6784e,49,17000.0,3.96,0.16,-9.35,0.16,C — Average
ac3508719a1d8f5b7614b798f70af136,100,12410.14,4.64,0.02,-18.06,0.03,A — Excellent
acadd4d36859671cb635527c6c977533,12,2381.0,4.25,0.08,-7.08,0.08,B — Good
acb6c2ca5c82411c1fdb88d5fd5eb95e,10,413.88,3.9,0.0,-14.2,0.2,B — Good
acce39e832338debb07b02385cde5967,43,4618.2,4.53,0.0,-9.95,0.05,A — Excellent
aced59e9b31ef866a94f9e7f29d8d418,59,7348.66,4.41,0.03,-11.42,0.07,A — Excellent
ad420dd0c4f92f8af951ac24b86d0cf5,42,4705.29,4.12,0.07,-10.98,0.14,B — Good
ad781527c93d00d89a11eecd9dcad7c1,35,5948.65,3.43,0.34,-8.17,0.31,D — Needs intervention
ad97a199236354e53fcd91a5a913e9a2,16,12446.85,4.5,0.12,-10.44,0.06,C — Average
adbc26658d6c7b4b6219f9d934598091,87,11717.39,4.11,0.14,-8.21,0.16,C — Average
adcf50477d6a1f5d91bb9d54c4903cb5,16,981.86,3.56,0.19,-13.38,0.25,C — Average
ade45994b717ccee333492330fbf037b,10,7196.0,4.5,0.0,-25.2,0.0,A — Excellent
af3ef48d0e13835e529c29ac573c63e5,21,1405.63,3.76,0.05,-11.38,0.24,B — Good
af4a0e4cfe1d9c26b6712b1be25a72e5,20,8950.07,3.5,0.05,-12.5,0.35,B — Good
afa6714acee029b2dfdf357e5579cc03,16,3220.76,4.25,0.12,-14.12,0.12,C — Average
afe0067131b73e40875c9b6c10bd2e21,45,5040.5,4.27,0.04,-11.4,0.09,A — Excellent
b080809eaacb49e5ca07290981472431,11,424.0,4.82,0.0,-10.36,0.0,A — Excellent
b14db04aa7881970e83ffa9426897925,76,5661.86,3.81,0.11,-10.24,0.16,C — Average
b16d3dadc47d4eb18be3d88bad0775ce,10,722.1,4.3,0.0,-21.2,0.1,A — Excellent
b17b679f4f5ce2e03ce6968c62648246,50,3424.18,3.98,0.16,-11.42,0.16,C — Average
b18dc380845b24038cfc48006478f099,43,7753.96,4.21,0.12,-11.26,0.09,C — Average
b19f3ca2ea475913750f25a5c37c8d8f,19,4201.66,3.26,0.32,-7.05,0.37,D — Needs intervention
b1a81260566c1bac3114a6d124413f27,50,8653.05,4.32,0.0,-16.12,0.12,A — Excellent
b1aaae6b66ad3c40f54b389d7ea4bee0,14,989.5,4.36,0.0,-19.36,0.07,A — Excellent
b1ac6ea7895bc3dd6f0f6f4abbdd2821,38,2962.0,4.53,0.0,-16.82,0.03,A — Excellent
b1b3948701c5c72445495bd161b83a4c,14,21519.5,1.93,0.64,4.07,0.71,D — Needs intervention
b1fc4f64df5a0e8b6913ab38803c57a9,101,7492.2,3.93,0.13,-9.34,0.18,C — Average
b1fecf4da1fa2689bccffa0121953643,19,3669.64,4.95,0.0,-21.68,0.0,A — Excellent
b2479f944e1b90cf8a5de1bbfde284d6,99,4699.35,3.47,0.12,-8.06,0.28,C — Average
b2a6d334e2833acea353624840e25a0e,24,1626.08,4.62,0.0,-17.21,0.04,A — Excellent
b2ac621f0d0322434d04a12b078b9369,29,9445.6,4.41,0.1,-11.07,0.07,B — Good
b2ba3715d723d245138f291a6fe42594,323,49366.59,4.21,0.07,-9.8,0.11,B — Good
b2c97074649f92197d9387d9033dda5f,10,684.71,4.7,0.1,-9.2,0.0,B — Good
b32be1695eb7ec5f10f72d9610a12527,44,26575.0,4.14,0.05,-13.61,0.11,A — Excellent
b335c59ab742f751a85db9c411a86739,29,2289.11,4.03,0.03,-11.45,0.07,A — Excellent
b33aaadd1a8891d2dfef0c4c3bdf0371,16,1504.0,3.94,0.12,-8.62,0.19,C — Average
b33e7c55446eabf8fe1a42d037ac7d6d,147,44007.01,4.22,0.12,-11.34,0.12,C — Average
b347677812ea483b0f528eaf8cbc09b7,21,7368.89,4.52,0.0,-17.0,0.05,A — Excellent
b372ee768ed69e46ca8cdbd267aa7a38,63,12630.0,4.44,0.0,-19.19,0.1,A — Excellent
b39d7fe263ef469605dbb32608aee0af,41,4873.3,3.98,0.05,-15.44,0.15,B — Good
b410bdd36d5db7a65dcd42b7ead933b8,42,7368.9,4.81,0.0,-15.45,0.0,A — Excellent
b494891378bd8f4560abe576c52deacd,19,2839.0,4.74,0.0,-7.84,0.05,A — Excellent
b499c00f28f4b7069ff6550af8c1348a,144,10124.2,4.26,0.13,-11.22,0.09,C — Average
b4a476fbd28de64b1e347abf9089366a,29,4469.04,4.11,0.07,-10.9,0.1,B — Good
b4f8921fcc4ff77b66bea6dda43dcd51,17,10945.16,4.53,0.06,-17.29,0.12,B — Good
b4ffb71f0cb1b1c3d63fad021ecf93e1,140,6524.87,4.29,0.02,-14.84,0.09,A — Excellent
b55638ad525e906c698fa2ce742c1742,11,1094.8,4.18,0.18,-9.64,0.0,C — Average
b561927807645834b59ef0d16ba55a24,84,4623.99,4.35,0.14,-8.52,0.1,C — Average
b56906f7fd1696e043f1bcce164c487b,40,2188.29,4.0,0.05,-14.68,0.2,A — Excellent
b5e3e38609125694d2ea2417522a60b7,16,995.04,4.31,0.12,-7.19,0.06,C — Average
b64d51f0435e884e8de603b1655155ae,17,426.08,4.29,0.12,-10.65,0.12,C — Average
b6d44737c043328708f6749c2dbe50bd,59,5410.44,4.61,0.05,-14.42,0.07,A — Excellent
b6e1504972665f739dec4facb9943775,14,1484.48,4.36,0.07,-9.0,0.14,B — Good
b74d1c09cb380e1d03a6f859c6f4224b,29,2210.6,4.28,0.14,-12.9,0.1,C — Average
b76dba6c951ab00dc4edf0a1aa88037e,157,2545.31,4.22,0.03,-16.34,0.1,A — Excellent
b839e41795b7f3ad94cc2014a52f6796,33,42829.0,4.09,0.03,-12.79,0.18,A — Excellent
b83cedfb587e7911540e3f576d6917ce,24,2241.85,4.21,0.04,-9.67,0.12,A — Excellent
b8555308bfdb4ca1ed54325a58da9a97,26,3047.2,4.0,0.08,-10.88,0.12,B — Good
b8630e1121437d41cb08e3c749c2c2e2,12,6988.0,4.33,0.08,-9.58,0.17,B — Good
b8bc237ba3788b23da09c0f1f3a3288c,45,13685.71,4.32,0.02,-14.44,0.07,A — Excellent
b90e891671cffd9557f33a97dc523645,33,4329.0,4.3,0.0,-15.94,0.09,A — Excellent
b92e3c8f9738272ff7c59e111e108d7c,61,8252.03,4.21,0.03,-43.62,0.16,A — Excellent
b94cc9f10ddc85e4ba73a6f7974e7101,39,25346.1,4.3,0.05,-12.72,0.13,A — Excellent
b9a03475e6447e631b6799ec8274800f,10,1349.1,4.2,0.0,-21.3,0.1,A — Excellent
b9ca8e8baa5d4aa038394a700f63e69f,14,1289.77,4.21,0.07,-9.07,0.07,B — Good
ba143b05f0110f0dc71ad71b4466ce92,83,6033.7,4.46,0.12,-8.48,0.08,C — Average
ba5daa4041e1f15cdf34b76e3e18a450,15,806.8,4.27,0.0,-10.93,0.13,A — Excellent
ba90964cff9b9e0e6f32b23b82465f7b,38,44212.5,4.42,0.05,-12.0,0.05,A — Excellent
bacb1f0ed56ad24198f5810d2b3fe9a5,37,5909.15,4.31,0.03,-13.43,0.08,A — Excellent
bb135baca94c82fcb731335ad5b04a03,17,1014.29,3.18,0.0,-18.35,0.35,C — Average
bb5bd94c8f59cc050072d2930c869cac,14,2228.97,4.36,0.0,-10.07,0.0,A — Excellent
bb7a14e229b1c95156719c3d9552eeee,10,2760.2,4.5,0.1,-10.6,0.1,B — Good
bba3293d6f5d5af2f415e004e8b93ae3,17,11702.1,4.29,0.06,-9.0,0.12,B — Good
bba74270a87732727b5a3b4fd9ac1c39,35,5964.6,4.06,0.0,-16.0,0.14,A — Excellent
bbad7e518d7af88a0897397ffdca1979,66,4498.51,3.25,0.17,-8.97,0.38,C — Average
bbaff50f3b708fda865918715276cd87,11,398.7,4.73,0.18,-8.91,0.0,C — Average
bbf9ad41dca6603e614efcdad7aab8c4,14,7846.0,4.5,0.0,-21.71,0.07,A — Excellent
bc07d855eac23aab5ac8a120f21d16b2,11,1202.62,4.45,0.18,-10.36,0.09,C — Average
bc2ac6b95e1accce9858528ee566c17e,18,2045.0,4.56,0.0,-10.06,0.11,A — Excellent
bc302730ea8cf49b5c74f579febb5bbf,11,2640.9,3.82,0.09,-10.09,0.18,B — Good
bc47d5d1490df2b36add65d733eafaba,19,926.3,3.79,0.11,-11.89,0.21,C — Average
bccf933e006e9b94a6184af782963e77,45,4162.74,4.52,0.02,-13.27,0.07,A — Excellent
bce6a5ecf98e99fd2a8868b15c51f04b,14,3464.9,4.07,0.14,-8.64,0.21,C — Average
bd0389da23d89b726abf911cccc54596,87,7541.16,4.17,0.07,-12.51,0.11,B — Good
bd15ee794d5e640d9dd71b665b2ab15b,12,439.8,4.0,0.17,-14.25,0.17,C — Average
bd1d49a326abfa9b1036772e40445430,12,637.7,4.08,0.08,-12.08,0.08,B — Good
bd23da7354813347129d751591d1a6e2,84,9594.7,4.11,0.02,-10.06,0.15,A — Excellent
bd4889b5e9133b35b66e42a8665cea5c,36,6271.9,4.4,0.0,-13.69,0.08,A — Excellent
bd697db56ff8e7c9cd1abeb7f72029b2,20,2769.8,4.45,0.0,-12.85,0.05,A — Excellent
be8e909810184b9b19e886129149d8e5,15,629.85,3.73,0.13,-7.4,0.2,C — Average
beadbee30901a7f61d031b6b686095ad,63,4338.98,3.94,0.24,-9.29,0.17,D — Needs intervention
bf00385a5f7fc1ef39a13c2e9ee50a5f,28,855.4,4.43,0.0,-10.82,0.07,A — Excellent
bf100ecb7997df312b285358fb32f92c,20,1991.9,4.44,0.0,-16.6,0.0,A — Excellent
bf3c6d2a28b2b5501e6c15448982dcc9,35,3956.5,4.6,0.03,-11.94,0.03,A — Excellent
bf84056e679dbe9c69929847a40e338f,35,1918.08,3.77,0.06,-6.66,0.17,B — Good
bfd27a966d91cfaafdb25d076585f0da,114,19225.0,4.32,0.05,-15.47,0.11,A — Excellent
c003204e1ab016dfa150abc119207b24,194,24815.39,4.48,0.05,-11.4,0.04,A — Excellent
c013e57c075a06e5b5c48ee03c525719,41,2020.85,4.32,0.05,-11.63,0.07,A — Excellent
c0563dd588b775f2e37747ef6ad6c92c,27,3587.3,4.44,0.11,-8.93,0.11,C — Average
c12b92bf1c350f3e6bf88d3596219c86,16,4752.79,3.81,0.06,-13.38,0.25,B — Good
c26a2be5b53b7db6b276280da212a779,13,7482.0,3.38,0.0,-11.38,0.38,C — Average
c273175f7c6c80fb02f051e2fc6d0d72,14,1188.23,3.79,0.07,-12.36,0.21,B — Good
c2d70ce2c5d0a2eb75e78668236e6dc8,13,2470.9,4.62,0.0,-12.92,0.0,A — Excellent
c31eff8334d6b3047ed34bebd4d62c36,117,13061.34,3.89,0.12,-10.05,0.17,C — Average
c33847515fa6305ce6feb1e818569f13,110,15517.6,3.89,0.04,-15.72,0.2,B — Good
c35672b10ad50968f567ea3f4b91e877,18,1150.57,4.5,0.06,-12.11,0.06,B — Good
c37b2059d4f90d4feead554e5246565e,11,1047.3,3.55,0.27,-3.91,0.36,D — Needs intervention
c3867b4666c7d76867627c2f7fb22e21,225,34707.7,4.09,0.11,-9.69,0.15,C — Average
c3acdfac4e3e97ff87529454fbc03642,12,16788.0,4.25,0.08,-9.5,0.08,B — Good
c3cfdc648177fdbbbb35635a37472c53,273,42455.58,4.51,0.01,-16.13,0.06,A — Excellent
c3e1abd72a42fe690fcd89cf5720fe29,13,1798.61,4.46,0.0,-11.38,0.08,A — Excellent
c4d51195486dc781531876a7d00453d8,17,11468.98,3.94,0.29,-12.82,0.12,D — Needs intervention
c4fabeea6e569d42d02993bb1f4f1cbc,11,859.3,4.0,0.09,-5.27,0.18,B — Good
c4fb51fb1c5b7c07bc5e67be6e7e8f6e,15,1567.9,3.53,0.13,-10.8,0.2,C — Average
c510bc1718f0f2961eaa42a23330681a,12,10141.0,4.25,0.0,-9.92,0.17,A — Excellent
c5f7feb04a6a1fb3596322bfc3cf1917,11,2217.5,4.27,0.09,-8.64,0.18,B — Good
c60b801f2d52c7f7f91de00870882a75,38,11418.51,3.45,0.16,-10.26,0.29,C — Average
c6381d2d013342748761e906d45aff76,15,2042.98,3.87,0.0,-16.47,0.27,B — Good
c66dccfb3f109511246da627dd5a2498,43,12441.65,4.56,0.05,-14.95,0.07,A — Excellent
c679fb69a36e1d8349e8c50a217b4d58,14,1910.48,3.85,0.07,-9.64,0.21,B — Good
c68fb906c8f4b4b946d8386bfa6e5467,45,4541.16,4.52,0.02,-13.22,0.07,A — Excellent
c6a7539d424a8402232c2228d7a03c5e,10,607.5,3.1,0.1,-10.2,0.4,C — Average
c6bda72e4dbf5c5866b13cb1810c6d03,57,14033.48,4.41,0.04,-11.91,0.09,A — Excellent
c70c1b0d8ca86052f45a432a38b73958,259,36317.73,4.38,0.05,-8.99,0.08,A — Excellent
c72de06d72748d1a0dfb2125be43ba63,21,17522.0,4.48,0.0,-18.57,0.05,A — Excellent
c731d18cea9bf687ffee82a241c25b11,23,3906.53,4.36,0.0,-16.57,0.13,A — Excellent
c794dab4928dd97beb41d05514441e86,16,1312.4,4.38,0.12,-7.44,0.06,C — Average
c826c40d7b19f62a09e2d7c5e7295ee2,345,44554.95,4.13,0.08,-9.8,0.14,B — Good
c8417879a15366a17c30af34c798c332,25,1810.8,4.29,0.04,-11.44,0.08,A — Excellent
c84592044b180dec206770c38603814b,14,491.94,4.43,0.0,-13.29,0.07,A — Excellent
c8467937e403e76a8ee9f0ab13f6f5ef,30,1853.79,4.07,0.13,-9.27,0.13,C — Average
c847e075301870dd144a116762eaff9a,41,15248.8,4.2,0.07,-10.24,0.15,B — Good
c864036feaab8c1659f65ea4faebe1da,58,10454.2,4.57,0.03,-13.36,0.05,A — Excellent
c89cf7c468a48af70aada384e722f9e2,14,745.0,4.0,0.07,-10.21,0.14,B — Good
c8b0e2b0a7095e5d8219575d5e7e1181,83,12235.22,4.1,0.07,-10.87,0.14,B — Good
c8b3445d737de6befde0c88ede534a5e,30,3317.94,4.43,0.03,-11.83,0.07,A — Excellent
c9a06ece156bb057372c68718ec8909b,11,3849.0,3.36,0.0,-32.91,0.27,C — Average
c9aafcd0621b2207c10e32c649cada4d,39,2686.16,4.41,0.08,-9.87,0.08,B — Good
c9c7905cffc4ef9ff9f113554423e671,125,10557.2,4.15,0.08,-10.17,0.11,B — Good
ca3bd7cd9f149df75950150d010fe4a2,68,9333.37,4.09,0.01,-16.5,0.15,A — Excellent
ca4b77513ac2040591b0d8fae6958380,14,1772.45,4.5,0.14,-3.21,0.07,C — Average
caa9bc43a9fe8cf9c564ddd8a03cc4a6,13,803.87,4.67,0.0,-11.69,0.0,A — Excellent
cab85505710c7cb9b720bceb52b01cee,200,11095.0,4.33,0.02,-15.72,0.06,A — Excellent
cac4c8e7b1ca6252d8f20b2fc1a2e4af,71,4234.12,3.69,0.17,-6.48,0.24,C — Average
cac876b37d3abcd6bd76caca30277996,26,2149.87,4.52,0.0,-16.0,0.04,A — Excellent
cb3dd9ce66268c7a3ca7241ac70ab58c,48,2788.32,4.2,0.04,-13.08,0.12,A — Excellent
cb41bfbcbda0aea354a834ab222f9a59,11,3792.0,3.27,0.36,9.55,0.36,D — Needs intervention
cb5df0dcb9e280b1780e9d589889f2c7,11,1614.88,3.4,0.18,-15.45,0.27,C — Average
cb6c9f5888a7a090c75beaf615925792,10,749.94,4.1,0.0,-10.9,0.1,A — Excellent
cb8bcce248bb1fb274ba762d8b971456,65,9012.5,4.32,0.02,-11.78,0.05,A — Excellent
cbd996ad3c1b7dc71fd0e5f5df9087e2,159,8160.53,4.21,0.08,-10.85,0.11,B — Good
cbf09e831b0c11f6f23ffb51004db972,10,1535.2,4.4,0.0,-13.5,0.0,A — Excellent
cc3d14116804f7209f3884f6367f1152,26,5437.8,4.62,0.0,-17.35,0.04,A — Excellent
cc419e0650a3c5ba77189a1882b7556a,1648,102160.89,4.16,0.05,-12.98,0.13,A — Excellent
cc5a78bbad32776dc4e3af205218368c,31,3309.94,4.45,0.03,-17.1,0.1,A — Excellent
cc63f0dd2acba93ffed4fe9f8e0321fa,55,7096.71,4.09,0.0,-11.87,0.09,A — Excellent
cca3071e3e9bb7d12640c9fbe2301306,675,61668.82,3.95,0.05,-14.85,0.17,B — Good
ccb83a794700270fde70898fe9ff368b,12,11062.0,4.33,0.17,-9.92,0.08,C — Average
ccc4bbb5f32a6ab2b7066a4130f114e3,183,72745.62,4.34,0.07,-16.87,0.1,B — Good
cce6ab8d1682639fe45ab70234f1665f,61,2442.7,4.51,0.03,-13.77,0.05,A — Excellent
ccf8813e5a7d6c84d865cd38bfc2b130,25,2662.5,4.52,0.04,-13.48,0.08,A — Excellent
cd06602b43d8800bd0afad514919d35c,41,2414.51,3.83,0.05,-10.88,0.24,B — Good
cd3d09fbe6e3e9ff0c0ac0c300e93ae7,12,651.04,4.17,0.08,-9.75,0.17,B — Good
cd68562d3f44870c08922d380acae552,122,18119.7,4.02,0.16,-8.2,0.16,C — Average
cd6efc47efaabf134f8bdb654e10b4f1,30,4031.55,4.47,0.07,-13.87,0.07,B — Good
cda598c48d7c614bc1cad7d8ff6f0010,16,1038.7,4.12,0.0,-13.88,0.06,A — Excellent
ce248b21cb2adc36282ede306b7660e5,64,13706.43,4.23,0.08,-10.47,0.12,B — Good
ce27a3cc3c8cc1ea79d11e561e9bebb6,122,9465.45,4.19,0.02,-12.41,0.11,A — Excellent
ce616e1913288884e7742faac9d981db,13,303.7,4.54,0.08,-11.15,0.0,B — Good
ce69a8021d18961dd2a40269b7c2c293,18,4718.01,4.67,0.06,-10.61,0.06,B — Good
ce7d1888639e6fb06b2749cbfdac1ff7,77,12005.69,4.19,0.09,-12.04,0.16,B — Good
cea729054f157f5870bdd321a958d994,23,2484.1,4.22,0.04,-8.83,0.09,A — Excellent
ceaec5548eefc6e23e6607c5435102e7,197,51426.18,4.2,0.05,-15.16,0.11,A — Excellent
cee48807215b30a12ca2ca10ffb5f250,38,7192.23,3.82,0.13,-12.21,0.21,C — Average
cf2384dd2f1dddea3f838efed0945e65,16,2101.5,3.94,0.0,-8.69,0.12,B — Good
cfa5ab0e4d3fc212fd0b3410e7081c62,14,4455.82,4.07,0.0,-16.43,0.14,A — Excellent
cfb1a033743668a192316f3c6d1d2671,133,12207.35,4.19,0.1,-11.23,0.12,B — Good
cfd7ddab722b902f7ac5b5f3ba6d723d,12,3385.03,4.75,0.0,-13.17,0.08,A — Excellent
cfe94489ddd337d1e29e12f2a7205d10,20,2376.0,4.3,0.05,-8.1,0.05,A — Excellent
d03698c2efd04a549382afa6623e27fb,18,10046.42,4.5,0.06,-15.28,0.06,B — Good
d05ae8f7a5bd1d2a690a44cd079e4e27,75,12872.0,3.95,0.07,-11.04,0.2,B — Good
d06d019f72a04e5497a0b64190af170c,17,2415.93,4.53,0.0,-12.53,0.06,A — Excellent
d101c6da914ae3d53f7bee42283f2fe2,13,1297.4,3.62,0.08,-17.69,0.31,B — Good
d12c926d74ceff0a90a21184466ce161,75,3852.28,4.36,0.01,-14.64,0.07,A — Excellent
d13e50eaa47b4cbe9eb81465865d8cfc,66,7073.05,4.82,0.09,-4.48,0.03,B — Good
d17f467e4bf608a510c20d82f4ba3b6b,11,2963.78,4.27,0.18,-7.18,0.0,C — Average
d1b65fc7debc3361ea86b5f14c68d2e2,39,11413.17,4.64,0.03,-15.97,0.03,A — Excellent
d1b9d4be4b6f9ebd85f8acd6745ba612,10,1040.2,4.5,0.0,-17.9,0.0,A — Excellent
d1c281d3ae149232351cd8c8cc885f0d,202,26726.71,3.9,0.07,-11.21,0.19,B — Good
d1c7fa84e48cfa21a0e595167c1c500e,11,1121.18,4.55,0.0,-18.82,0.09,A — Excellent
d1ef48b38baca7e831711c4a0aeb398f,28,1509.03,4.57,0.07,-15.64,0.0,B — Good
d20b021d3efdf267a402c402a48ea64b,78,3913.1,3.83,0.18,-5.23,0.18,C — Average
d23019c84ffae2d5ef2270367b8605fc,39,29335.99,4.41,0.03,-14.38,0.05,A — Excellent
d2374cbcbb3ca4ab1086534108cc3ab7,497,20628.18,3.83,0.05,-14.74,0.18,B — Good
d25aa0aaacb370e912f8cf6efeba38b3,16,2495.75,4.56,0.06,-17.19,0.06,B — Good
d2e753bb80b7d4faa77483ed00edc8ca,13,1320.7,3.77,0.08,-14.92,0.08,B — Good
d32e3909cfb714fb2a6cb092c85b9c5f,10,2827.9,3.5,0.2,-11.1,0.3,C — Average
d354c38a7182125a748cb10474fe963b,17,1500.34,4.38,0.06,-12.12,0.0,B — Good
d3674f271c91f824f82d24d92011f669,20,1718.3,4.1,0.1,-11.4,0.15,B — Good
d379f449f2a3b271bc01c0782020f705,28,4493.96,3.89,0.04,-14.71,0.21,B — Good
d3f39f05462b79a4562d35893a28f159,32,2545.39,3.66,0.12,-12.19,0.31,C — Average
d4910f1cdcfdabd48d6b316e395d4a23,11,1146.88,4.91,0.0,-9.0,0.0,A — Excellent
d4e12e7884759a14fa0f5f896c791cae,29,1400.0,4.62,0.07,-12.55,0.07,B — Good
d4e4b5192cba4e0e66eb12a9d347239d,11,431.9,4.45,0.0,-16.09,0.09,A — Excellent
d4f117125b59ce73c3302f88ee40c458,17,783.29,4.82,0.0,-11.71,0.0,A — Excellent
d4ffeb15b67e81ff9af2b4252d99fb7e,11,1400.4,4.3,0.0,-13.18,0.0,A — Excellent
d50d79cb34e38265a8649c383dcffd48,69,12997.43,4.24,0.04,-13.28,0.09,A — Excellent
d51e0a403fe2e689ece6c73359d96e12,18,7380.0,4.22,0.11,-14.83,0.06,C — Average
d566c37fa119d5e66c4e9052e83ee4ea,64,5077.8,4.68,0.0,-10.66,0.03,A — Excellent
d57e18d5f73c7ccb7f7339b61166898d,60,3151.8,4.45,0.0,-11.37,0.08,A — Excellent
d5ba419e26d246a0719437cf37d9b46d,33,3939.49,4.0,0.09,-8.88,0.15,B — Good
d624126b9206f595fb3fbb6ba03b28a8,23,7198.8,4.32,0.04,-14.52,0.0,A — Excellent
d650b663c3b5f6fb392b6326366efa9a,56,18106.9,4.43,0.05,-11.59,0.05,A — Excellent
d66c11a9572221d92fbb8c4897db5f9b,16,776.56,4.56,0.0,-11.25,0.0,A — Excellent
d66c305afaec317ebee552073a674429,38,4180.39,4.47,0.03,-18.84,0.05,A — Excellent
d673a59aac7a70d8b01e6902bf090a11,76,4381.22,3.97,0.08,-11.61,0.13,B — Good
d6ab728cf30867cf3f1a2e216ae2f9b7,12,2002.0,4.42,0.0,-10.0,0.08,A — Excellent
d6b1ce66b035a475f00c017792ff9769,90,12447.31,4.35,0.06,-12.67,0.06,B — Good
d71d863e5ef30d94e440c11be17dcd8f,22,9217.9,3.25,0.14,-9.91,0.36,C — Average
d8c7ba53e7e38711eaef8c2849d6d2e1,22,1207.77,4.5,0.0,-18.55,0.0,A — Excellent
d91fb3b7d041e83b64a00a3edfb37e4f,524,39926.39,4.14,0.04,-12.68,0.13,A — Excellent
d921b68bf747894be13a97ae52b0f386,76,15422.8,4.61,0.01,-15.86,0.04,A — Excellent
d93844a9c55ba7ce353388bcf849ea56,12,2708.5,4.25,0.0,-9.75,0.08,A — Excellent
d93919c944be9cff128f6c9cb899eacb,33,2666.7,4.0,0.15,-8.06,0.18,C — Average
d9442042130b7fe579d1295f9f4a248f,19,772.16,4.37,0.05,-7.95,0.11,A — Excellent
d94a40fd42351c259927028d163af842,96,13502.79,4.3,0.03,-13.61,0.08,A — Excellent
d97df38225e5abadaff1e72cb72b823c,28,1895.98,3.93,0.14,-9.32,0.21,C — Average
d98eec89afa3380e14463da2aabaea72,167,7078.31,4.36,0.02,-18.29,0.07,A — Excellent
d9a84e1403de8da0c3aa531d6d108ba6,53,1880.29,4.58,0.06,-10.32,0.06,B — Good
d9bd94811c3338dceb4181f3dbc0c73e,54,6911.02,4.8,0.06,-7.94,0.04,B — Good
d9e7e7778b32987280a6f2cb9a39c57d,11,722.5,3.55,0.18,-10.09,0.27,C — Average
da6a60cc8cc724fe51be021ff8be779c,12,728.79,4.75,0.0,-13.42,0.0,A — Excellent
da7039f29f90ce5b4846ffc0fcc93beb,17,1475.64,4.53,0.06,-11.76,0.06,B — Good
da8622b14eb17ae2831f4ac5b9dab84a,1295,160976.27,4.19,0.07,-10.89,0.12,B — Good
daeb5653dd96c1b11860f72209795012,38,1864.1,4.25,0.08,-11.5,0.11,B — Good
db2956745b3a8e9f3785c99f34b5d25e,44,8185.9,3.91,0.09,-11.98,0.18,B — Good
db4350fd57ae30082dec7acbaacc17f9,132,3460.33,4.18,0.04,-15.76,0.11,A — Excellent
db46ca7bce82b11f7e247539271fc390,16,1082.45,4.56,0.0,-13.44,0.06,A — Excellent
dbb9b48c841a0e39e21f98e1a6b2ec3e,107,7645.65,4.26,0.04,-11.92,0.11,A — Excellent
dbc22125167c298ef99da25668e1011f,387,32414.76,4.35,0.03,-13.7,0.07,A — Excellent
dbd66278cbfe1aa1000f90a217ca4695,84,5136.34,4.5,0.04,-12.21,0.02,A — Excellent
dbdd0ec73a4817971d962698f2fea022,16,6384.0,4.38,0.06,-17.25,0.12,B — Good
dc317f341ab0e22f39acbd9dbf9b4a1f,55,19047.3,4.15,0.05,-14.98,0.16,A — Excellent
dc4a0fc896dc34b0d5bfec8438291c80,218,23478.12,3.85,0.07,-11.16,0.19,B — Good
dc8798cbf453b7e0f98745e396cc5616,35,1733.0,3.37,0.06,-10.2,0.31,C — Average
dd2bdf855a9172734fbc3744021ae9b9,105,10607.0,3.87,0.06,-23.01,0.17,B — Good
dd533b429f380718b70ad9922c294bae,37,2636.08,4.03,0.11,-9.41,0.14,C — Average
dd55f1bb788714a40e7954c3be6df745,35,7041.76,3.74,0.17,-9.34,0.2,C — Average
dd7ddc04e1b6c2c614352b383efe2d36,118,9308.71,3.85,0.13,-7.77,0.19,C — Average
de0c78824586e9a5f5f04fd84e25df39,13,2283.3,4.92,0.0,-20.0,0.0,A — Excellent
de23c3b98a88888289c6f5cc1209054a,158,25408.79,4.31,0.08,-10.22,0.1,B — Good
de722cd6dad950a92b7d4f82673f8833,337,55327.21,4.3,0.04,-15.5,0.09,A — Excellent
dee656f0f566ed1aa85bd137c943f08f,90,6165.0,4.4,0.04,-14.02,0.07,A — Excellent
df0f42bc4c2142eacf0eaf2cffd0cfbb,13,1550.0,4.38,0.0,-9.46,0.08,A — Excellent
df560393f3a51e74553ab94004ba5c87,26,3429.78,3.88,0.08,-13.62,0.08,B — Good
df56d7b40d437f88407c5f78b63bc328,22,2791.28,4.09,0.05,-11.36,0.14,A — Excellent
df91910b6a03bb2e3358fa6a35e32f6f,13,2123.19,4.62,0.0,-13.31,0.0,A — Excellent
dfa0c4c6229ab200a4a1336b4d7128ff,75,5100.5,4.08,0.01,-14.71,0.16,A — Excellent
dfc475d54e1b6dbeeb7d7d9bdaa63827,17,1691.47,4.71,0.0,-14.76,0.06,A — Excellent
dfc5fb7259bb2b599ca565e6e9448f0f,32,6553.74,4.22,0.03,-12.38,0.06,A — Excellent
e067ad2c1c0b48758eb1b5228bcf7a68,54,5042.55,4.15,0.07,-10.8,0.11,B — Good
e06f09ec0a4aca210779cf1cfc63cf19,29,5279.49,3.95,0.07,-16.97,0.17,B — Good
e0878efa0e0b7e5313ac0b43bc04c081,26,5025.4,3.62,0.15,-11.0,0.27,C — Average
e0a366315b1b726b6c7832d664c0f530,42,7161.09,4.38,0.02,-11.43,0.12,A — Excellent
e1dc0754bada9ee4cfe9713f22f61292,12,885.0,3.83,0.0,-13.08,0.25,B — Good
e21a1e8be4715b0fcfd5385643bc49c4,19,643.8,3.84,0.0,-10.95,0.21,B — Good
e24d3429d294b2eb200b064ebb035879,19,1878.58,4.26,0.05,-10.95,0.11,A — Excellent
e24fc9fcd865784fb25705606fe3dfe7,51,12768.0,4.16,0.08,-13.78,0.12,B — Good
e256a62e0ac58c0edfba09966142d561,12,1474.11,4.42,0.0,-17.0,0.08,A — Excellent
e26901d5ab434ce92fd9b5c256820a4e,197,11618.49,4.2,0.02,-13.48,0.1,A — Excellent
e2aee0892199b1d92530e371abd825bf,34,4903.87,3.94,0.15,-11.29,0.21,C — Average
e2c92f9c1c7746d899d18f2e158bbff7,12,1641.9,4.58,0.0,-10.08,0.0,A — Excellent
e333046ce6517bd8bb510291d44f0130,67,7251.0,4.36,0.04,-13.33,0.09,A — Excellent
e38db885400cd35c71dfd162f2c1dbcf,30,2066.8,4.47,0.1,-12.33,0.07,B — Good
e3a386fc36e22064434e1fa256f6a9fa,16,793.9,4.19,0.12,-10.31,0.12,C — Average
e48b04bf1aa1ef711caebeb7aede6180,25,3187.1,4.48,0.0,-15.64,0.08,A — Excellent
e48cc16ab70bfa09e1401740dce0b3d7,13,944.85,3.77,0.0,-11.15,0.23,B — Good
e49c26c3edfa46d227d5121a6b6e4d37,34,3644.25,4.56,0.0,-19.65,0.06,A — Excellent
e5475dcab1e07b63d7f6e902d8f5eda8,19,2192.0,4.11,0.05,-10.42,0.16,A — Excellent
e59aa562b9f8076dd550fcddf0e73491,69,30716.3,4.26,0.09,-11.83,0.1,B — Good
e5a3438891c0bfdb9394643f95273d8e,214,7558.26,4.02,0.16,-6.47,0.16,C — Average
e5a38146df062edaf55c38afa99e42dc,119,15231.09,4.0,0.08,-10.52,0.16,B — Good
e5e33c0d8e7e002f398f5dc4cbbb338f,26,6494.9,4.58,0.08,-14.85,0.04,B — Good
e601b04acf48b4576e73ddca9481f0dc,14,442.04,4.29,0.0,-15.43,0.14,A — Excellent
e627629ba868740e287800f1a9be81c2,10,317.2,4.9,0.0,-11.5,0.0,A — Excellent
e62b2d6ac10570a035a30bafcf01d263,62,5487.53,3.97,0.11,-9.42,0.15,C — Average
e63e8bfa530fb16910dd6956e592bb81,40,1391.69,4.3,0.05,-13.42,0.1,A — Excellent
e64d65bc8dbec2accda90c58de5d1246,12,1678.8,3.08,0.25,-7.33,0.42,D — Needs intervention
e6a69c4a27dfdd98ffe5aa757ad744bc,20,495.67,4.45,0.0,-15.75,0.05,A — Excellent
e7d5b006eb624f13074497221eb37807,28,3478.93,3.93,0.07,-10.0,0.21,B — Good
e7df4cd29ab5abab70fb0783ddb53987,22,9548.8,4.36,0.09,-10.59,0.09,B — Good
e7f3bf1ecd8526eb7f3b18059e6716e5,16,1282.14,4.62,0.0,-14.5,0.06,A — Excellent
e81e1f9c3e762e620f3fb60a51499e16,17,4465.99,4.0,0.06,-18.18,0.12,B — Good
e84ad2127668df3aafc6b73531a0beb8,19,987.0,4.37,0.05,-7.21,0.11,A — Excellent
e882b2a25a10b9c057cc49695f222c19,57,51057.54,4.58,0.0,-19.11,0.05,A — Excellent
e883aa812c37a7413226856f4579fe91,26,4097.1,4.15,0.04,-12.15,0.12,A — Excellent
e89c4adbe7b1d0819dbb636e16461cf1,24,3181.3,3.83,0.12,-10.62,0.17,C — Average
e8b3a3a38279a82f0e5d006d5e5b7d2c,80,11832.39,4.01,0.04,-18.6,0.16,A — Excellent
e8b4225284fbb02d16f200513f1f395d,30,5638.62,4.3,0.1,-13.8,0.03,B — Good
e8f6dc8e6a1dcde89d20e3995c8d90b3,34,2243.83,3.97,0.09,-21.15,0.15,B — Good
e9511df20ccd82658a30c37b7fb343af,22,2096.6,4.32,0.0,-14.05,0.09,A — Excellent
e96498ed8daaa3e9c23f7a62da76591c,34,9619.09,3.94,0.15,-10.24,0.21,C — Average
e9779976487b77c6d4ac45f75ec7afe9,641,42784.33,4.27,0.06,-9.97,0.1,B — Good
e99e927c81e3f51739c94fcdfca9f10f,19,2388.79,3.89,0.05,-8.68,0.16,B — Good
e9bc59e7b60fc3063eb2290deda4cced,203,33599.4,4.09,0.08,-14.29,0.14,B — Good
e9c6969d40e6a3d2d0f90013165c2b98,10,5239.98,4.4,0.0,-18.3,0.1,A — Excellent
e9d99831abad74458942f21e16f33f92,129,4883.49,3.95,0.1,-9.47,0.16,B — Good
ea00f977a203ff88adf7057cb7806998,18,381.73,4.28,0.06,-6.28,0.06,B — Good
ea566164622c6b439516ab18062c42cd,50,10309.42,3.78,0.18,-8.1,0.24,C — Average
ea67327e24487bdfac5fbfa37ea124df,30,5942.89,3.7,0.03,-14.83,0.2,B — Good
ea8482cd71df3c1969d7b9473ff13abc,1122,36495.54,4.04,0.09,-9.89,0.14,B — Good
eb4df17aed01d918c65f0f8d650900c0,11,3739.87,3.91,0.27,-10.55,0.18,D — Needs intervention
eb5b6204dde3a6e03b5f1bb8479f055b,19,452.2,3.95,0.05,-13.26,0.11,B — Good
ebd2d60905fb58271facef5596b620d3,81,7715.12,4.22,0.04,-11.46,0.1,A — Excellent
ec4608a1f76453166bb312b2968aeaf4,17,2528.75,3.29,0.18,-6.59,0.29,C — Average
ec80e49e69745ab6c14f984bf2149423,12,3709.0,4.0,0.08,-10.42,0.08,B — Good
ec8879960bd2221d5c32f8e12f7da711,35,3957.5,4.29,0.17,-8.71,0.11,C — Average
ecccfa2bb93b34a3bf033cc5d1dcdc69,12,1120.85,2.83,0.17,-20.25,0.42,D — Needs intervention
ececbfcff9804a2d6b40f589df8eef2b,96,6698.55,4.14,0.09,-11.27,0.12,B — Good
ed4311e67debd72b8610a5347a743087,25,3636.0,4.62,0.04,-8.64,0.04,A — Excellent
ed4acab38528488b65a9a9c603ff024a,32,12759.45,3.72,0.0,-12.81,0.22,B — Good
ed8cb7b190ceb6067227478e48cf8dde,14,508.5,3.57,0.07,-8.93,0.29,B — Good
edb1ef5e36e0c8cd84eb3c9b003e486d,165,79292.7,4.44,0.07,-13.5,0.07,B — Good
ede0c03645598cdfc63ca8237acbe73d,43,2352.15,3.57,0.33,-4.12,0.28,D — Needs intervention
edf96ef93ed595084bbcbd9224bd2894,25,3757.0,3.88,0.08,-8.76,0.12,B — Good
eeb6de78f79159600292e314a77cbd18,82,43510.84,4.44,0.04,-16.88,0.06,A — Excellent
eed78ac17f7f795a19a709745f00cd4e,21,4163.0,3.71,0.0,-13.14,0.24,B — Good
ef0ace09169ac090589d85746e3e036f,128,16313.0,4.4,0.08,-11.3,0.08,B — Good
ef2fbc2b607d8492bcffe657a4645434,17,826.1,4.12,0.12,-9.47,0.18,C — Average
ef506c96320abeedfb894c34db06f478,311,9460.62,3.97,0.08,-10.92,0.16,B — Good
ef990a83bbea832f36ebe81376335aa8,42,5028.59,3.69,0.21,-8.17,0.24,D — Needs intervention
efcd8d2104f1a05d028af7bad20d974b,43,2334.5,4.3,0.02,-14.35,0.07,A — Excellent
f00e21b1e91a79653163b7fd8f293ff1,31,3900.09,4.1,0.03,-16.23,0.13,A — Excellent
f0837c8d71434931d9e38e7b79234797,22,3446.9,4.59,0.05,-19.95,0.0,A — Excellent
f08a5b9dd6767129688d001acafc21e5,11,14069.63,4.27,0.0,-9.73,0.09,A — Excellent
f08c008c8a8d31417763738a1788a2a8,18,1068.21,3.59,0.17,-4.44,0.22,C — Average
f0b47fbbc6dee9aafe415a6e33051b3f,64,3663.5,4.31,0.11,-12.22,0.11,C — Average
f0e103c63864d5405b958d984b6e94c9,11,951.7,4.73,0.0,-12.0,0.0,A — Excellent
f125f3a310c2e5f822d116147de1e474,16,2761.4,4.19,0.12,-8.06,0.06,C — Average
f12ff17ad8bbf01ec5c33b17e506649b,28,6101.0,3.86,0.11,-10.43,0.14,C — Average
f181738b150df1f37cb0bd72e705b193,36,5549.6,4.47,0.08,-9.97,0.06,B — Good
f1ed6bd0a9b11b581f16c851c6a5a527,17,1622.77,4.41,0.06,-9.35,0.06,B — Good
f1fd5ab1181f827ffad998c1a5de7d74,15,7045.99,4.67,0.0,-12.87,0.0,A — Excellent
f214d28e8d8e3ef068748498ccc2f813,51,2127.44,4.26,0.08,-12.65,0.1,B — Good
f262cbc1c910c83959f849465454ddd3,188,10139.87,4.18,0.07,-9.64,0.14,B — Good
f27e33c6d29b5138fa9967bcd445b6d5,93,9049.1,4.1,0.09,-10.33,0.16,B — Good
f3b80352b986ab4d1057a4b724be19d0,86,9815.1,4.21,0.0,-13.16,0.12,A — Excellent
f3c38ab652836d21de61fb8314b69182,15,1581.0,4.27,0.0,-11.13,0.07,A — Excellent
f3da5b2ff499efb8d4a6d371d175d7dd,76,3548.98,3.93,0.12,-7.99,0.17,C — Average
f41ce2e25237f9092cd8e6e7516c7a2f,26,1961.9,4.42,0.0,-14.31,0.04,A — Excellent
f435898e493ba0356019a0b1cb8b55b1,10,674.26,4.4,0.0,-20.7,0.1,A — Excellent
f45122a9ab94eb4f3f8953578bc0c560,180,21646.23,3.99,0.07,-10.17,0.17,B — Good
f457c46070d02cadd8a68551231220dd,178,18262.54,3.96,0.06,-11.76,0.17,B — Good
f46490624488d3ff7ce78613913a7711,80,5690.95,3.76,0.11,-8.82,0.24,C — Average
f4a04f7be452aa3bb31760bf00055dd0,18,1312.1,4.67,0.0,-19.89,0.0,A — Excellent
f4aba7c0bca51484c30ab7bdc34bcdd1,108,2999.89,3.94,0.06,-15.68,0.16,B — Good
f4c4daa86e30c7e5a553a8d518ac03a5,18,5984.31,4.0,0.06,-13.56,0.17,B — Good
f4db9b37944bcb8873e6b456ee190bbf,21,3409.78,4.57,0.1,-11.33,0.0,B — Good
f52c2422904463fdd7741f99045fecb6,12,567.79,4.25,0.0,-10.08,0.08,A — Excellent
f593898ec748b7a8cb81fc04edafd98a,19,2602.94,3.68,0.16,-13.89,0.26,C — Average
f5a590cf36251cf1162ea35bef76fe84,113,51232.78,4.27,0.07,-11.05,0.11,B — Good
f5b44895715ddfe3087dc414f30268f3,19,378.8,4.0,0.0,-9.74,0.16,A — Excellent
f5f1f2c5f923f36ad79ea1d07185ddc9,10,1517.77,3.7,0.1,-7.9,0.2,B — Good
f5f2ab9bdb6b30c14c61be68c5ed37da,18,2134.68,4.28,0.06,-14.94,0.11,B — Good
f615fe7efbef0f4f08fd3086bc7a3e60,21,2296.25,4.48,0.1,-12.24,0.14,B — Good
f61c63d13f7cd800549d5acdd390ae72,26,3072.3,4.0,0.08,-11.23,0.12,B — Good
f62d7bb4a613ec758a03342d46b580b2,32,24665.0,4.38,0.09,-9.69,0.06,B — Good
f63d8f293af3a6454377546bd9dd19ff,17,1751.82,4.47,0.06,-12.94,0.12,B — Good
f67efa3f0b6761102a7f8c6b7b571f5d,30,5138.68,4.6,0.0,-17.63,0.03,A — Excellent
f680f85bee2d253556ac91be391d2c82,45,5183.92,4.33,0.02,-12.78,0.07,A — Excellent
f7496d659ca9fdaf323c0aae84176632,24,4547.77,4.54,0.04,-21.08,0.08,A — Excellent
f76a3b1349b6df1ee875d1f3fa4340f0,23,4060.89,3.39,0.3,-4.26,0.3,D — Needs intervention
f7720c4fa8e3aba4546301ab80ea1f1b,59,2221.55,4.26,0.05,-14.05,0.07,A — Excellent
f789d2c4f2c2eb38fc4373e7a4b35264,41,4693.88,4.2,0.05,-14.34,0.12,A — Excellent
f7ba60f8c3f99e7ee4042fdef03b70c4,216,68270.9,4.23,0.14,-9.05,0.1,C — Average
f7ccf836d21b2fb1de37564105216cc1,68,2778.24,3.85,0.07,-8.9,0.19,B — Good
f80edd2c5aaa505cc4b0a3b219abf4b8,113,8988.74,4.2,0.05,-12.13,0.12,A — Excellent
f8201cab383e484733266d1906e2fdfa,10,889.0,4.1,0.1,-11.7,0.1,B — Good
f84a00e60c73a49e7e851c9bdca3a5bb,87,5793.24,3.89,0.1,-10.25,0.2,B — Good
f84fa566034f5e8e880a07ec624c56af,89,4993.91,4.25,0.1,-7.57,0.11,B — Good
f8db351d8c4c4c22c6835c19a46f01b0,652,50058.27,4.29,0.04,-11.87,0.09,A — Excellent
f918546be4bec7104d117789ba758b2b,20,1483.0,3.85,0.15,-8.55,0.2,C — Average
f9244d45189d3a3605499abddeade7d5,20,15081.44,4.35,0.0,-24.25,0.05,A — Excellent
f97e2b0650c2068227e1d366140eb62f,16,3654.0,4.0,0.06,-19.38,0.19,B — Good
fa1a9dec3a9940c072684a46728bf1fc,53,6801.09,4.19,0.0,-15.49,0.11,A — Excellent
fa1c13f2614d7b5c4749cbc52fecda94,571,190179.81,4.39,0.09,-10.3,0.09,B — Good
fa40cc5b934574b62717c68f3d678b6d,302,15978.38,4.49,0.05,-11.12,0.07,A — Excellent
fad44952713764836814be105382aee5,31,4949.0,4.35,0.0,-11.87,0.03,A — Excellent
fb3cfbc8a86f5d7fbb4d36b8df63f60d,10,1121.2,4.2,0.0,-12.0,0.1,A — Excellent
fb89df7f89fd1b8f03fa2acca1ba7364,22,2220.0,3.86,0.09,-9.23,0.18,B — Good
fbc14c0cf93505ef89f64665ffa4a7b5,18,12452.82,4.18,0.06,-13.89,0.11,B — Good
fc906263ca5083d09dce42fe02247800,112,4437.8,4.39,0.0,-14.83,0.09,A — Excellent
fcb5ace8bcc92f75707dc0f01a27d269,58,7932.7,4.04,0.03,-9.03,0.12,A — Excellent
fcdd820084f17e9982427971e4e9d47f,16,4783.99,3.94,0.12,-15.88,0.19,C — Average
fd386aa7bed2af3c7035c65506c9b4a3,66,2191.26,4.32,0.11,-9.3,0.15,C — Average
fdaaf5bfda82b7b80535610c831b8d09,10,2588.9,4.2,0.1,-12.5,0.2,B — Good
fdb9095204a334cd8872252ffec6f2db,46,8434.0,4.18,0.07,-11.13,0.13,B — Good
fde0cc9ea29c8ccfc0a2c22256a58c71,35,3922.0,4.49,0.03,-16.34,0.09,A — Excellent
fe2032dab1a61af8794248c8196565c9,292,66112.51,4.4,0.09,-10.9,0.09,B — Good
fe49ee029e61e789a1f3a5525f57ba8d,16,2473.69,4.25,0.06,-11.88,0.12,B — Good
fe701d88b67eaca109dffd464d1be9f9,10,1359.0,4.3,0.1,-15.9,0.1,B — Good
febab0275244b9a49a623f0bd613ca2f,102,7269.87,4.45,0.04,-11.46,0.07,A — Excellent
ff063b022a9a0aab91bad2c9088760b7,93,12150.64,4.31,0.03,-11.88,0.09,A — Excellent
ff1fb4c404b2efe68b03350a8dc24122,43,6517.0,4.16,0.14,-8.19,0.14,C — Average
ff4e2d38692ce827b1a4f4b8196e680d,11,518.9,4.27,0.0,-14.09,0.09,A — Excellent
ff69aa92bb6b1bf9b8b7a51c2ed9cf8b,20,21940.8,3.65,0.2,-9.1,0.3,C — Average
ffa6adafb71b807dc13159e26431354c,17,2500.9,3.94,0.0,-12.71,0.12,B — Good
ffad1e7127fb622cb64a900751590acd,10,884.3,4.8,0.0,-11.8,0.0,A — Excellent
ffc470761de7d0232558ba5e786e57b7,27,1529.13,4.44,0.04,-11.81,0.04,A — Excellent
ffdd9f82b9a447f6f8d4b91554cc7dd3,18,2101.2,4.33,0.0,-12.39,0.11,A — Excellent
ffeee66ac5d5a62fe688b9d26f83f534,14,1839.86,4.21,0.14,-8.36,0.14,C — Average
fffd5413c0700ac820c7069d66d98c89,54,8412.73,4.02,0.13,-11.13,0.19,C — Average
